Domain Code,Domain,Area Code (M49),Area,Element Code,Element,Item Code,Item,Year Code,Year,Unit,Value,Flag,Flag Description,Note
"FS","Suite of Food Security Indicators","360","Indonesia","6121","Value","21010","Average dietary energy supply adequacy (percent) (3-year average)","20002002","2000-2002","%","107","E","Estimated value",""
"FS","Suite of Food Security Indicators","360","Indonesia","6121","Value","21010","Average dietary energy supply adequacy (percent) (3-year average)","20012003","2001-2003","%","107","E","Estimated value",""
"FS","Suite of Food Security Indicators","360","Indonesia","6121","Value","21010","Average dietary energy supply adequacy (percent) (3-year average)","20022004","2002-2004","%","108","E","Estimated value",""
"FS","Suite of Food Security Indicators","360","Indonesia","6121","Value","21010","Average dietary energy supply adequacy (percent) (3-year average)","20032005","2003-2005","%","108","E","Estimated value",""
"FS","Suite of Food Security Indicators","360","Indonesia","6121","Value","21010","Average dietary energy supply adequacy (percent) (3-year average)","20042006","2004-2006","%","108","E","Estimated value",""
"FS","Suite of Food Security Indicators","360","Indonesia","6121","Value","21010","Average dietary energy supply adequacy (percent) (3-year average)","20052007","2005-2007","%","109","E","Estimated value",""
"FS","Suite of Food Security Indicators","360","Indonesia","6121","Value","21010","Average dietary energy supply adequacy (percent) (3-year average)","20062008","2006-2008","%","110","E","Estimated value",""
"FS","Suite of Food Security Indicators","360","Indonesia","6121","Value","21010","Average dietary energy supply adequacy (percent) (3-year average)","20072009","2007-2009","%","112","E","Estimated value",""
"FS","Suite of Food Security Indicators","360","Indonesia","6121","Value","21010","Average dietary energy supply adequacy (percent) (3-year average)","20082010","2008-2010","%","113","E","Estimated value",""
"FS","Suite of Food Security Indicators","360","Indonesia","6121","Value","21010","Average dietary energy supply adequacy (percent) (3-year average)","20092011","2009-2011","%","115","E","Estimated value",""
"FS","Suite of Food Security Indicators","360","Indonesia","6121","Value","21010","Average dietary energy supply adequacy (percent) (3-year average)","20102012","2010-2012","%","116","E","Estimated value",""
"FS","Suite of Food Security Indicators","360","Indonesia","6121","Value","21010","Average dietary energy supply adequacy (percent) (3-year average)","20112013","2011-2013","%","118","E","Estimated value",""
"FS","Suite of Food Security Indicators","360","Indonesia","6121","Value","21010","Average dietary energy supply adequacy (percent) (3-year average)","20122014","2012-2014","%","120","E","Estimated value",""
"FS","Suite of Food Security Indicators","360","Indonesia","6121","Value","21010","Average dietary energy supply adequacy (percent) (3-year average)","20132015","2013-2015","%","122","E","Estimated value",""
"FS","Suite of Food Security Indicators","360","Indonesia","6121","Value","21010","Average dietary energy supply adequacy (percent) (3-year average)","20142016","2014-2016","%","124","E","Estimated value",""
"FS","Suite of Food Security Indicators","360","Indonesia","6121","Value","21010","Average dietary energy supply adequacy (percent) (3-year average)","20152017","2015-2017","%","126","E","Estimated value",""
"FS","Suite of Food Security Indicators","360","Indonesia","6121","Value","21010","Average dietary energy supply adequacy (percent) (3-year average)","20162018","2016-2018","%","127","E","Estimated value",""
"FS","Suite of Food Security Indicators","360","Indonesia","6121","Value","21010","Average dietary energy supply adequacy (percent) (3-year average)","20172019","2017-2019","%","128","E","Estimated value",""
"FS","Suite of Food Security Indicators","360","Indonesia","6121","Value","21010","Average dietary energy supply adequacy (percent) (3-year average)","20182020","2018-2020","%","127","E","Estimated value",""
"FS","Suite of Food Security Indicators","360","Indonesia","6121","Value","21010","Average dietary energy supply adequacy (percent) (3-year average)","20192021","2019-2021","%","127","E","Estimated value",""
"FS","Suite of Food Security Indicators","360","Indonesia","6121","Value","21010","Average dietary energy supply adequacy (percent) (3-year average)","20202022","2020-2022","%","127","E","Estimated value",""
"FS","Suite of Food Security Indicators","360","Indonesia","6121","Value","21012","Share of dietary energy supply derived from cereals, roots and tubers (percent) (3-year average)","20002002","2000-2002","%","71","E","Estimated value",""
"FS","Suite of Food Security Indicators","360","Indonesia","6121","Value","21012","Share of dietary energy supply derived from cereals, roots and tubers (percent) (3-year average)","20012003","2001-2003","%","71","E","Estimated value",""
"FS","Suite of Food Security Indicators","360","Indonesia","6121","Value","21012","Share of dietary energy supply derived from cereals, roots and tubers (percent) (3-year average)","20022004","2002-2004","%","70","E","Estimated value",""
"FS","Suite of Food Security Indicators","360","Indonesia","6121","Value","21012","Share of dietary energy supply derived from cereals, roots and tubers (percent) (3-year average)","20032005","2003-2005","%","69","E","Estimated value",""
"FS","Suite of Food Security Indicators","360","Indonesia","6121","Value","21012","Share of dietary energy supply derived from cereals, roots and tubers (percent) (3-year average)","20042006","2004-2006","%","69","E","Estimated value",""
"FS","Suite of Food Security Indicators","360","Indonesia","6121","Value","21012","Share of dietary energy supply derived from cereals, roots and tubers (percent) (3-year average)","20052007","2005-2007","%","69","E","Estimated value",""
"FS","Suite of Food Security Indicators","360","Indonesia","6121","Value","21012","Share of dietary energy supply derived from cereals, roots and tubers (percent) (3-year average)","20062008","2006-2008","%","69","E","Estimated value",""
"FS","Suite of Food Security Indicators","360","Indonesia","6121","Value","21012","Share of dietary energy supply derived from cereals, roots and tubers (percent) (3-year average)","20072009","2007-2009","%","69","E","Estimated value",""
"FS","Suite of Food Security Indicators","360","Indonesia","6121","Value","21012","Share of dietary energy supply derived from cereals, roots and tubers (percent) (3-year average)","20082010","2008-2010","%","70","E","Estimated value",""
"FS","Suite of Food Security Indicators","360","Indonesia","6121","Value","21012","Share of dietary energy supply derived from cereals, roots and tubers (percent) (3-year average)","20092011","2009-2011","%","71","E","Estimated value",""
"FS","Suite of Food Security Indicators","360","Indonesia","6121","Value","21012","Share of dietary energy supply derived from cereals, roots and tubers (percent) (3-year average)","20102012","2010-2012","%","72","E","Estimated value",""
"FS","Suite of Food Security Indicators","360","Indonesia","6121","Value","21012","Share of dietary energy supply derived from cereals, roots and tubers (percent) (3-year average)","20112013","2011-2013","%","71","E","Estimated value",""
"FS","Suite of Food Security Indicators","360","Indonesia","6121","Value","21012","Share of dietary energy supply derived from cereals, roots and tubers (percent) (3-year average)","20122014","2012-2014","%","70","E","Estimated value",""
"FS","Suite of Food Security Indicators","360","Indonesia","6121","Value","21012","Share of dietary energy supply derived from cereals, roots and tubers (percent) (3-year average)","20132015","2013-2015","%","69","E","Estimated value",""
"FS","Suite of Food Security Indicators","360","Indonesia","6121","Value","21012","Share of dietary energy supply derived from cereals, roots and tubers (percent) (3-year average)","20142016","2014-2016","%","69","E","Estimated value",""
"FS","Suite of Food Security Indicators","360","Indonesia","6121","Value","21012","Share of dietary energy supply derived from cereals, roots and tubers (percent) (3-year average)","20152017","2015-2017","%","68","E","Estimated value",""
"FS","Suite of Food Security Indicators","360","Indonesia","6121","Value","21012","Share of dietary energy supply derived from cereals, roots and tubers (percent) (3-year average)","20162018","2016-2018","%","66","E","Estimated value",""
"FS","Suite of Food Security Indicators","360","Indonesia","6121","Value","21012","Share of dietary energy supply derived from cereals, roots and tubers (percent) (3-year average)","20172019","2017-2019","%","65","E","Estimated value",""
"FS","Suite of Food Security Indicators","360","Indonesia","6121","Value","21012","Share of dietary energy supply derived from cereals, roots and tubers (percent) (3-year average)","20182020","2018-2020","%","63","E","Estimated value",""
"FS","Suite of Food Security Indicators","360","Indonesia","6123","Value","21013","Average protein supply (g/cap/day) (3-year average)","20002002","2000-2002","g/cap/d","52.3","E","Estimated value",""
"FS","Suite of Food Security Indicators","360","Indonesia","6123","Value","21013","Average protein supply (g/cap/day) (3-year average)","20012003","2001-2003","g/cap/d","52.7","E","Estimated value",""
"FS","Suite of Food Security Indicators","360","Indonesia","6123","Value","21013","Average protein supply (g/cap/day) (3-year average)","20022004","2002-2004","g/cap/d","53.3","E","Estimated value",""
"FS","Suite of Food Security Indicators","360","Indonesia","6123","Value","21013","Average protein supply (g/cap/day) (3-year average)","20032005","2003-2005","g/cap/d","53.3","E","Estimated value",""
"FS","Suite of Food Security Indicators","360","Indonesia","6123","Value","21013","Average protein supply (g/cap/day) (3-year average)","20042006","2004-2006","g/cap/d","53.7","E","Estimated value",""
"FS","Suite of Food Security Indicators","360","Indonesia","6123","Value","21013","Average protein supply (g/cap/day) (3-year average)","20052007","2005-2007","g/cap/d","54.3","E","Estimated value",""
"FS","Suite of Food Security Indicators","360","Indonesia","6123","Value","21013","Average protein supply (g/cap/day) (3-year average)","20062008","2006-2008","g/cap/d","55.3","E","Estimated value",""
"FS","Suite of Food Security Indicators","360","Indonesia","6123","Value","21013","Average protein supply (g/cap/day) (3-year average)","20072009","2007-2009","g/cap/d","56.3","E","Estimated value",""
"FS","Suite of Food Security Indicators","360","Indonesia","6123","Value","21013","Average protein supply (g/cap/day) (3-year average)","20082010","2008-2010","g/cap/d","57","E","Estimated value",""
"FS","Suite of Food Security Indicators","360","Indonesia","6123","Value","21013","Average protein supply (g/cap/day) (3-year average)","20092011","2009-2011","g/cap/d","58","E","Estimated value",""
"FS","Suite of Food Security Indicators","360","Indonesia","6123","Value","21013","Average protein supply (g/cap/day) (3-year average)","20102012","2010-2012","g/cap/d","59","E","Estimated value",""
"FS","Suite of Food Security Indicators","360","Indonesia","6123","Value","21013","Average protein supply (g/cap/day) (3-year average)","20112013","2011-2013","g/cap/d","60","E","Estimated value",""
"FS","Suite of Food Security Indicators","360","Indonesia","6123","Value","21013","Average protein supply (g/cap/day) (3-year average)","20122014","2012-2014","g/cap/d","61.3","E","Estimated value",""
"FS","Suite of Food Security Indicators","360","Indonesia","6123","Value","21013","Average protein supply (g/cap/day) (3-year average)","20132015","2013-2015","g/cap/d","62.3","E","Estimated value",""
"FS","Suite of Food Security Indicators","360","Indonesia","6123","Value","21013","Average protein supply (g/cap/day) (3-year average)","20142016","2014-2016","g/cap/d","63.7","E","Estimated value",""
"FS","Suite of Food Security Indicators","360","Indonesia","6123","Value","21013","Average protein supply (g/cap/day) (3-year average)","20152017","2015-2017","g/cap/d","66","E","Estimated value",""
"FS","Suite of Food Security Indicators","360","Indonesia","6123","Value","21013","Average protein supply (g/cap/day) (3-year average)","20162018","2016-2018","g/cap/d","67.7","E","Estimated value",""
"FS","Suite of Food Security Indicators","360","Indonesia","6123","Value","21013","Average protein supply (g/cap/day) (3-year average)","20172019","2017-2019","g/cap/d","69","E","Estimated value",""
"FS","Suite of Food Security Indicators","360","Indonesia","6123","Value","21013","Average protein supply (g/cap/day) (3-year average)","20182020","2018-2020","g/cap/d","68.3","E","Estimated value",""
"FS","Suite of Food Security Indicators","360","Indonesia","6123","Value","21014","Average supply of protein of animal origin (g/cap/day) (3-year average)","20002002","2000-2002","g/cap/d","12","E","Estimated value",""
"FS","Suite of Food Security Indicators","360","Indonesia","6123","Value","21014","Average supply of protein of animal origin (g/cap/day) (3-year average)","20012003","2001-2003","g/cap/d","12.3","E","Estimated value",""
"FS","Suite of Food Security Indicators","360","Indonesia","6123","Value","21014","Average supply of protein of animal origin (g/cap/day) (3-year average)","20022004","2002-2004","g/cap/d","12.7","E","Estimated value",""
"FS","Suite of Food Security Indicators","360","Indonesia","6123","Value","21014","Average supply of protein of animal origin (g/cap/day) (3-year average)","20032005","2003-2005","g/cap/d","13","E","Estimated value",""
"FS","Suite of Food Security Indicators","360","Indonesia","6123","Value","21014","Average supply of protein of animal origin (g/cap/day) (3-year average)","20042006","2004-2006","g/cap/d","13.3","E","Estimated value",""
"FS","Suite of Food Security Indicators","360","Indonesia","6123","Value","21014","Average supply of protein of animal origin (g/cap/day) (3-year average)","20052007","2005-2007","g/cap/d","13.7","E","Estimated value",""
"FS","Suite of Food Security Indicators","360","Indonesia","6123","Value","21014","Average supply of protein of animal origin (g/cap/day) (3-year average)","20062008","2006-2008","g/cap/d","14.3","E","Estimated value",""
"FS","Suite of Food Security Indicators","360","Indonesia","6123","Value","21014","Average supply of protein of animal origin (g/cap/day) (3-year average)","20072009","2007-2009","g/cap/d","14.7","E","Estimated value",""
"FS","Suite of Food Security Indicators","360","Indonesia","6123","Value","21014","Average supply of protein of animal origin (g/cap/day) (3-year average)","20082010","2008-2010","g/cap/d","15","E","Estimated value",""
"FS","Suite of Food Security Indicators","360","Indonesia","6123","Value","21014","Average supply of protein of animal origin (g/cap/day) (3-year average)","20092011","2009-2011","g/cap/d","15.3","E","Estimated value",""
"FS","Suite of Food Security Indicators","360","Indonesia","6123","Value","21014","Average supply of protein of animal origin (g/cap/day) (3-year average)","20102012","2010-2012","g/cap/d","16","E","Estimated value",""
"FS","Suite of Food Security Indicators","360","Indonesia","6123","Value","21014","Average supply of protein of animal origin (g/cap/day) (3-year average)","20112013","2011-2013","g/cap/d","17","E","Estimated value",""
"FS","Suite of Food Security Indicators","360","Indonesia","6123","Value","21014","Average supply of protein of animal origin (g/cap/day) (3-year average)","20122014","2012-2014","g/cap/d","18","E","Estimated value",""
"FS","Suite of Food Security Indicators","360","Indonesia","6123","Value","21014","Average supply of protein of animal origin (g/cap/day) (3-year average)","20132015","2013-2015","g/cap/d","18.7","E","Estimated value",""
"FS","Suite of Food Security Indicators","360","Indonesia","6123","Value","21014","Average supply of protein of animal origin (g/cap/day) (3-year average)","20142016","2014-2016","g/cap/d","19.3","E","Estimated value",""
"FS","Suite of Food Security Indicators","360","Indonesia","6123","Value","21014","Average supply of protein of animal origin (g/cap/day) (3-year average)","20152017","2015-2017","g/cap/d","21","E","Estimated value",""
"FS","Suite of Food Security Indicators","360","Indonesia","6123","Value","21014","Average supply of protein of animal origin (g/cap/day) (3-year average)","20162018","2016-2018","g/cap/d","22.7","E","Estimated value",""
"FS","Suite of Food Security Indicators","360","Indonesia","6123","Value","21014","Average supply of protein of animal origin (g/cap/day) (3-year average)","20172019","2017-2019","g/cap/d","25","E","Estimated value",""
"FS","Suite of Food Security Indicators","360","Indonesia","6123","Value","21014","Average supply of protein of animal origin (g/cap/day) (3-year average)","20182020","2018-2020","g/cap/d","25.7","E","Estimated value",""
"FS","Suite of Food Security Indicators","360","Indonesia","6124","Value","21016","Rail lines density (total route in km per 100 square km of land area)","2006","2006","km","0.2","X","Figure from international organizations",""
"FS","Suite of Food Security Indicators","360","Indonesia","6124","Value","21016","Rail lines density (total route in km per 100 square km of land area)","2007","2007","km","0.3","X","Figure from international organizations",""
"FS","Suite of Food Security Indicators","360","Indonesia","6124","Value","21016","Rail lines density (total route in km per 100 square km of land area)","2008","2008","km","0.3","X","Figure from international organizations",""
"FS","Suite of Food Security Indicators","360","Indonesia","6124","Value","21016","Rail lines density (total route in km per 100 square km of land area)","2010","2010","km","0.2","X","Figure from international organizations",""
"FS","Suite of Food Security Indicators","360","Indonesia","6124","Value","21016","Rail lines density (total route in km per 100 square km of land area)","2011","2011","km","0.3","X","Figure from international organizations",""
"FS","Suite of Food Security Indicators","360","Indonesia","6124","Value","21016","Rail lines density (total route in km per 100 square km of land area)","2012","2012","km","0.3","X","Figure from international organizations",""
"FS","Suite of Food Security Indicators","360","Indonesia","6124","Value","21016","Rail lines density (total route in km per 100 square km of land area)","2013","2013","km","0.3","X","Figure from international organizations",""
"FS","Suite of Food Security Indicators","360","Indonesia","6124","Value","21016","Rail lines density (total route in km per 100 square km of land area)","2014","2014","km","0.3","X","Figure from international organizations",""
"FS","Suite of Food Security Indicators","360","Indonesia","6124","Value","21016","Rail lines density (total route in km per 100 square km of land area)","2015","2015","km","0.3","X","Figure from international organizations",""
"FS","Suite of Food Security Indicators","360","Indonesia","6124","Value","21016","Rail lines density (total route in km per 100 square km of land area)","2016","2016","km","0.3","X","Figure from international organizations",""
"FS","Suite of Food Security Indicators","360","Indonesia","6124","Value","21016","Rail lines density (total route in km per 100 square km of land area)","2017","2017","km","0.2","X","Figure from international organizations",""
"FS","Suite of Food Security Indicators","360","Indonesia","6124","Value","21016","Rail lines density (total route in km per 100 square km of land area)","2018","2018","km","0.3","X","Figure from international organizations",""
"FS","Suite of Food Security Indicators","360","Indonesia","6124","Value","21016","Rail lines density (total route in km per 100 square km of land area)","2019","2019","km","0.3","X","Figure from international organizations",""
"FS","Suite of Food Security Indicators","360","Indonesia","6126","Value","22013","Gross domestic product per capita, PPP, (constant 2017 international $)","2000","2000","Int$/cap","5621.3","X","Figure from international organizations",""
"FS","Suite of Food Security Indicators","360","Indonesia","6126","Value","22013","Gross domestic product per capita, PPP, (constant 2017 international $)","2001","2001","Int$/cap","5744.5","X","Figure from international organizations",""
"FS","Suite of Food Security Indicators","360","Indonesia","6126","Value","22013","Gross domestic product per capita, PPP, (constant 2017 international $)","2002","2002","Int$/cap","5921.1","X","Figure from international organizations",""
"FS","Suite of Food Security Indicators","360","Indonesia","6126","Value","22013","Gross domestic product per capita, PPP, (constant 2017 international $)","2003","2003","Int$/cap","6121.7","X","Figure from international organizations",""
"FS","Suite of Food Security Indicators","360","Indonesia","6126","Value","22013","Gross domestic product per capita, PPP, (constant 2017 international $)","2004","2004","Int$/cap","6348.3","X","Figure from international organizations",""
"FS","Suite of Food Security Indicators","360","Indonesia","6126","Value","22013","Gross domestic product per capita, PPP, (constant 2017 international $)","2005","2005","Int$/cap","6625.6","X","Figure from international organizations",""
"FS","Suite of Food Security Indicators","360","Indonesia","6126","Value","22013","Gross domestic product per capita, PPP, (constant 2017 international $)","2006","2006","Int$/cap","6899.9","X","Figure from international organizations",""
"FS","Suite of Food Security Indicators","360","Indonesia","6126","Value","22013","Gross domestic product per capita, PPP, (constant 2017 international $)","2007","2007","Int$/cap","7242","X","Figure from international organizations",""
"FS","Suite of Food Security Indicators","360","Indonesia","6126","Value","22013","Gross domestic product per capita, PPP, (constant 2017 international $)","2008","2008","Int$/cap","7578.2","X","Figure from international organizations",""
"FS","Suite of Food Security Indicators","360","Indonesia","6126","Value","22013","Gross domestic product per capita, PPP, (constant 2017 international $)","2009","2009","Int$/cap","7828.8","X","Figure from international organizations",""
"FS","Suite of Food Security Indicators","360","Indonesia","6126","Value","22013","Gross domestic product per capita, PPP, (constant 2017 international $)","2010","2010","Int$/cap","8212.6","X","Figure from international organizations",""
"FS","Suite of Food Security Indicators","360","Indonesia","6126","Value","22013","Gross domestic product per capita, PPP, (constant 2017 international $)","2011","2011","Int$/cap","8610.5","X","Figure from international organizations",""
"FS","Suite of Food Security Indicators","360","Indonesia","6126","Value","22013","Gross domestic product per capita, PPP, (constant 2017 international $)","2012","2012","Int$/cap","9015.8","X","Figure from international organizations",""
"FS","Suite of Food Security Indicators","360","Indonesia","6126","Value","22013","Gross domestic product per capita, PPP, (constant 2017 international $)","2013","2013","Int$/cap","9402.1","X","Figure from international organizations",""
"FS","Suite of Food Security Indicators","360","Indonesia","6126","Value","22013","Gross domestic product per capita, PPP, (constant 2017 international $)","2014","2014","Int$/cap","9759","X","Figure from international organizations",""
"FS","Suite of Food Security Indicators","360","Indonesia","6126","Value","22013","Gross domestic product per capita, PPP, (constant 2017 international $)","2015","2015","Int$/cap","10121.8","X","Figure from international organizations",""
"FS","Suite of Food Security Indicators","360","Indonesia","6126","Value","22013","Gross domestic product per capita, PPP, (constant 2017 international $)","2016","2016","Int$/cap","10519.3","X","Figure from international organizations",""
"FS","Suite of Food Security Indicators","360","Indonesia","6126","Value","22013","Gross domestic product per capita, PPP, (constant 2017 international $)","2017","2017","Int$/cap","10941.9","X","Figure from international organizations",""
"FS","Suite of Food Security Indicators","360","Indonesia","6126","Value","22013","Gross domestic product per capita, PPP, (constant 2017 international $)","2018","2018","Int$/cap","11397.4","X","Figure from international organizations",""
"FS","Suite of Food Security Indicators","360","Indonesia","6126","Value","22013","Gross domestic product per capita, PPP, (constant 2017 international $)","2019","2019","Int$/cap","11857.8","X","Figure from international organizations",""
"FS","Suite of Food Security Indicators","360","Indonesia","6126","Value","22013","Gross domestic product per capita, PPP, (constant 2017 international $)","2020","2020","Int$/cap","11515.7","X","Figure from international organizations",""
"FS","Suite of Food Security Indicators","360","Indonesia","6126","Value","22013","Gross domestic product per capita, PPP, (constant 2017 international $)","2021","2021","Int$/cap","11858.1","X","Figure from international organizations",""
"FS","Suite of Food Security Indicators","360","Indonesia","6121","Value","210041","Prevalence of undernourishment (percent) (3-year average)","20002002","2000-2002","%","19","E","Estimated value",""
"FS","Suite of Food Security Indicators","360","Indonesia","6121","Value","210041","Prevalence of undernourishment (percent) (3-year average)","20012003","2001-2003","%","19","E","Estimated value",""
"FS","Suite of Food Security Indicators","360","Indonesia","6121","Value","210041","Prevalence of undernourishment (percent) (3-year average)","20022004","2002-2004","%","18.9","E","Estimated value",""
"FS","Suite of Food Security Indicators","360","Indonesia","6121","Value","210041","Prevalence of undernourishment (percent) (3-year average)","20032005","2003-2005","%","19.1","E","Estimated value",""
"FS","Suite of Food Security Indicators","360","Indonesia","6121","Value","210041","Prevalence of undernourishment (percent) (3-year average)","20042006","2004-2006","%","19.3","E","Estimated value",""
"FS","Suite of Food Security Indicators","360","Indonesia","6121","Value","210041","Prevalence of undernourishment (percent) (3-year average)","20052007","2005-2007","%","19.1","E","Estimated value",""
"FS","Suite of Food Security Indicators","360","Indonesia","6121","Value","210041","Prevalence of undernourishment (percent) (3-year average)","20062008","2006-2008","%","18.5","E","Estimated value",""
"FS","Suite of Food Security Indicators","360","Indonesia","6121","Value","210041","Prevalence of undernourishment (percent) (3-year average)","20072009","2007-2009","%","17.4","E","Estimated value",""
"FS","Suite of Food Security Indicators","360","Indonesia","6121","Value","210041","Prevalence of undernourishment (percent) (3-year average)","20082010","2008-2010","%","15.6","E","Estimated value",""
"FS","Suite of Food Security Indicators","360","Indonesia","6121","Value","210041","Prevalence of undernourishment (percent) (3-year average)","20092011","2009-2011","%","13.2","E","Estimated value",""
"FS","Suite of Food Security Indicators","360","Indonesia","6121","Value","210041","Prevalence of undernourishment (percent) (3-year average)","20102012","2010-2012","%","11","E","Estimated value",""
"FS","Suite of Food Security Indicators","360","Indonesia","6121","Value","210041","Prevalence of undernourishment (percent) (3-year average)","20112013","2011-2013","%","9.6","E","Estimated value",""
"FS","Suite of Food Security Indicators","360","Indonesia","6121","Value","210041","Prevalence of undernourishment (percent) (3-year average)","20122014","2012-2014","%","8.4","E","Estimated value",""
"FS","Suite of Food Security Indicators","360","Indonesia","6121","Value","210041","Prevalence of undernourishment (percent) (3-year average)","20132015","2013-2015","%","7.9","E","Estimated value",""
"FS","Suite of Food Security Indicators","360","Indonesia","6121","Value","210041","Prevalence of undernourishment (percent) (3-year average)","20142016","2014-2016","%","7.3","E","Estimated value",""
"FS","Suite of Food Security Indicators","360","Indonesia","6121","Value","210041","Prevalence of undernourishment (percent) (3-year average)","20152017","2015-2017","%","6.7","E","Estimated value",""
"FS","Suite of Food Security Indicators","360","Indonesia","6121","Value","210041","Prevalence of undernourishment (percent) (3-year average)","20162018","2016-2018","%","6","E","Estimated value",""
"FS","Suite of Food Security Indicators","360","Indonesia","6121","Value","210041","Prevalence of undernourishment (percent) (3-year average)","20172019","2017-2019","%","5.9","E","Estimated value",""
"FS","Suite of Food Security Indicators","360","Indonesia","6121","Value","210041","Prevalence of undernourishment (percent) (3-year average)","20182020","2018-2020","%","6","E","Estimated value",""
"FS","Suite of Food Security Indicators","360","Indonesia","6121","Value","210041","Prevalence of undernourishment (percent) (3-year average)","20192021","2019-2021","%","6.1","E","Estimated value",""
"FS","Suite of Food Security Indicators","360","Indonesia","6121","Value","210041","Prevalence of undernourishment (percent) (3-year average)","20202022","2020-2022","%","5.9","E","Estimated value",""
"FS","Suite of Food Security Indicators","360","Indonesia","6132","Value","210011","Number of people undernourished (million) (3-year average)","20002002","2000-2002","million No","41.2","E","Estimated value",""
"FS","Suite of Food Security Indicators","360","Indonesia","6132","Value","210011","Number of people undernourished (million) (3-year average)","20012003","2001-2003","million No","41.9","E","Estimated value",""
"FS","Suite of Food Security Indicators","360","Indonesia","6132","Value","210011","Number of people undernourished (million) (3-year average)","20022004","2002-2004","million No","42.1","E","Estimated value",""
"FS","Suite of Food Security Indicators","360","Indonesia","6132","Value","210011","Number of people undernourished (million) (3-year average)","20032005","2003-2005","million No","43.1","E","Estimated value",""
"FS","Suite of Food Security Indicators","360","Indonesia","6132","Value","210011","Number of people undernourished (million) (3-year average)","20042006","2004-2006","million No","44.2","E","Estimated value",""
"FS","Suite of Food Security Indicators","360","Indonesia","6132","Value","210011","Number of people undernourished (million) (3-year average)","20052007","2005-2007","million No","44.2","E","Estimated value",""
"FS","Suite of Food Security Indicators","360","Indonesia","6132","Value","210011","Number of people undernourished (million) (3-year average)","20062008","2006-2008","million No","43.5","E","Estimated value",""
"FS","Suite of Food Security Indicators","360","Indonesia","6132","Value","210011","Number of people undernourished (million) (3-year average)","20072009","2007-2009","million No","41.3","E","Estimated value",""
"FS","Suite of Food Security Indicators","360","Indonesia","6132","Value","210011","Number of people undernourished (million) (3-year average)","20082010","2008-2010","million No","37.5","E","Estimated value",""
"FS","Suite of Food Security Indicators","360","Indonesia","6132","Value","210011","Number of people undernourished (million) (3-year average)","20092011","2009-2011","million No","32.2","E","Estimated value",""
"FS","Suite of Food Security Indicators","360","Indonesia","6132","Value","210011","Number of people undernourished (million) (3-year average)","20102012","2010-2012","million No","27.2","E","Estimated value",""
"FS","Suite of Food Security Indicators","360","Indonesia","6132","Value","210011","Number of people undernourished (million) (3-year average)","20112013","2011-2013","million No","23.9","E","Estimated value",""
"FS","Suite of Food Security Indicators","360","Indonesia","6132","Value","210011","Number of people undernourished (million) (3-year average)","20122014","2012-2014","million No","21.2","E","Estimated value",""
"FS","Suite of Food Security Indicators","360","Indonesia","6132","Value","210011","Number of people undernourished (million) (3-year average)","20132015","2013-2015","million No","20.4","E","Estimated value",""
"FS","Suite of Food Security Indicators","360","Indonesia","6132","Value","210011","Number of people undernourished (million) (3-year average)","20142016","2014-2016","million No","18.9","E","Estimated value",""
"FS","Suite of Food Security Indicators","360","Indonesia","6132","Value","210011","Number of people undernourished (million) (3-year average)","20152017","2015-2017","million No","17.5","E","Estimated value",""
"FS","Suite of Food Security Indicators","360","Indonesia","6132","Value","210011","Number of people undernourished (million) (3-year average)","20162018","2016-2018","million No","15.9","E","Estimated value",""
"FS","Suite of Food Security Indicators","360","Indonesia","6132","Value","210011","Number of people undernourished (million) (3-year average)","20172019","2017-2019","million No","15.7","E","Estimated value",""
"FS","Suite of Food Security Indicators","360","Indonesia","6132","Value","210011","Number of people undernourished (million) (3-year average)","20182020","2018-2020","million No","16.3","E","Estimated value",""
"FS","Suite of Food Security Indicators","360","Indonesia","6132","Value","210011","Number of people undernourished (million) (3-year average)","20192021","2019-2021","million No","16.5","E","Estimated value",""
"FS","Suite of Food Security Indicators","360","Indonesia","6132","Value","210011","Number of people undernourished (million) (3-year average)","20202022","2020-2022","million No","16.2","E","Estimated value",""
"FS","Suite of Food Security Indicators","360","Indonesia","6121","Value","210401","Prevalence of severe food insecurity in the total population (percent) (3-year average)","20142016","2014-2016","%","0.7","A","Official figure","Official estimate"
"FS","Suite of Food Security Indicators","360","Indonesia","61211","Confidence interval: Lower bound","210401","Prevalence of severe food insecurity in the total population (percent) (3-year average)","20142016","2014-2016","%","0.6","A","Official figure","Official estimate"
"FS","Suite of Food Security Indicators","360","Indonesia","61212","Confidence interval: Upper bound","210401","Prevalence of severe food insecurity in the total population (percent) (3-year average)","20142016","2014-2016","%","0.7","A","Official figure","Official estimate"
"FS","Suite of Food Security Indicators","360","Indonesia","6121","Value","210401","Prevalence of severe food insecurity in the total population (percent) (3-year average)","20152017","2015-2017","%","0.9","A","Official figure","Official estimate"
"FS","Suite of Food Security Indicators","360","Indonesia","61211","Confidence interval: Lower bound","210401","Prevalence of severe food insecurity in the total population (percent) (3-year average)","20152017","2015-2017","%","0.8","A","Official figure","Official estimate"
"FS","Suite of Food Security Indicators","360","Indonesia","61212","Confidence interval: Upper bound","210401","Prevalence of severe food insecurity in the total population (percent) (3-year average)","20152017","2015-2017","%","0.9","A","Official figure","Official estimate"
"FS","Suite of Food Security Indicators","360","Indonesia","6121","Value","210401","Prevalence of severe food insecurity in the total population (percent) (3-year average)","20162018","2016-2018","%","0.9","A","Official figure","Official estimate"
"FS","Suite of Food Security Indicators","360","Indonesia","61211","Confidence interval: Lower bound","210401","Prevalence of severe food insecurity in the total population (percent) (3-year average)","20162018","2016-2018","%","0.8","A","Official figure","Official estimate"
"FS","Suite of Food Security Indicators","360","Indonesia","61212","Confidence interval: Upper bound","210401","Prevalence of severe food insecurity in the total population (percent) (3-year average)","20162018","2016-2018","%","1","A","Official figure","Official estimate"
"FS","Suite of Food Security Indicators","360","Indonesia","6121","Value","210401","Prevalence of severe food insecurity in the total population (percent) (3-year average)","20172019","2017-2019","%","0.8","A","Official figure","Official estimate"
"FS","Suite of Food Security Indicators","360","Indonesia","61211","Confidence interval: Lower bound","210401","Prevalence of severe food insecurity in the total population (percent) (3-year average)","20172019","2017-2019","%","0.8","A","Official figure","Official estimate"
"FS","Suite of Food Security Indicators","360","Indonesia","61212","Confidence interval: Upper bound","210401","Prevalence of severe food insecurity in the total population (percent) (3-year average)","20172019","2017-2019","%","0.9","A","Official figure","Official estimate"
"FS","Suite of Food Security Indicators","360","Indonesia","6121","Value","210401","Prevalence of severe food insecurity in the total population (percent) (3-year average)","20182020","2018-2020","%","<0.5","A","Official figure","Official estimate"
"FS","Suite of Food Security Indicators","360","Indonesia","61211","Confidence interval: Lower bound","210401","Prevalence of severe food insecurity in the total population (percent) (3-year average)","20182020","2018-2020","%","<0.5","A","Official figure","Official estimate"
"FS","Suite of Food Security Indicators","360","Indonesia","61212","Confidence interval: Upper bound","210401","Prevalence of severe food insecurity in the total population (percent) (3-year average)","20182020","2018-2020","%","0.5","A","Official figure","Official estimate"
"FS","Suite of Food Security Indicators","360","Indonesia","6121","Value","210401","Prevalence of severe food insecurity in the total population (percent) (3-year average)","20192021","2019-2021","%","<0.5","A","Official figure","Official estimate"
"FS","Suite of Food Security Indicators","360","Indonesia","61211","Confidence interval: Lower bound","210401","Prevalence of severe food insecurity in the total population (percent) (3-year average)","20192021","2019-2021","%","<0.5","A","Official figure","Official estimate"
"FS","Suite of Food Security Indicators","360","Indonesia","61212","Confidence interval: Upper bound","210401","Prevalence of severe food insecurity in the total population (percent) (3-year average)","20192021","2019-2021","%","<0.5","A","Official figure","Official estimate"
"FS","Suite of Food Security Indicators","360","Indonesia","6121","Value","210401","Prevalence of severe food insecurity in the total population (percent) (3-year average)","20202022","2020-2022","%","<0.5","A","Official figure","Official estimate"
"FS","Suite of Food Security Indicators","360","Indonesia","61211","Confidence interval: Lower bound","210401","Prevalence of severe food insecurity in the total population (percent) (3-year average)","20202022","2020-2022","%","<0.5","A","Official figure","Official estimate"
"FS","Suite of Food Security Indicators","360","Indonesia","61212","Confidence interval: Upper bound","210401","Prevalence of severe food insecurity in the total population (percent) (3-year average)","20202022","2020-2022","%","<0.5","A","Official figure","Official estimate"
"FS","Suite of Food Security Indicators","360","Indonesia","6121","Value","210401M","Prevalence of severe food insecurity in the male adult population (percent) (3-year average)","20142016","2014-2016","%","0.8","A","Official figure","Official estimate"
"FS","Suite of Food Security Indicators","360","Indonesia","61211","Confidence interval: Lower bound","210401M","Prevalence of severe food insecurity in the male adult population (percent) (3-year average)","20142016","2014-2016","%","0.7","A","Official figure","Official estimate"
"FS","Suite of Food Security Indicators","360","Indonesia","61212","Confidence interval: Upper bound","210401M","Prevalence of severe food insecurity in the male adult population (percent) (3-year average)","20142016","2014-2016","%","0.9","A","Official figure","Official estimate"
"FS","Suite of Food Security Indicators","360","Indonesia","6121","Value","210401M","Prevalence of severe food insecurity in the male adult population (percent) (3-year average)","20152017","2015-2017","%","1","A","Official figure","Official estimate"
"FS","Suite of Food Security Indicators","360","Indonesia","61211","Confidence interval: Lower bound","210401M","Prevalence of severe food insecurity in the male adult population (percent) (3-year average)","20152017","2015-2017","%","0.9","A","Official figure","Official estimate"
"FS","Suite of Food Security Indicators","360","Indonesia","61212","Confidence interval: Upper bound","210401M","Prevalence of severe food insecurity in the male adult population (percent) (3-year average)","20152017","2015-2017","%","1","A","Official figure","Official estimate"
"FS","Suite of Food Security Indicators","360","Indonesia","6121","Value","210401M","Prevalence of severe food insecurity in the male adult population (percent) (3-year average)","20162018","2016-2018","%","1","A","Official figure","Official estimate"
"FS","Suite of Food Security Indicators","360","Indonesia","61211","Confidence interval: Lower bound","210401M","Prevalence of severe food insecurity in the male adult population (percent) (3-year average)","20162018","2016-2018","%","0.9","A","Official figure","Official estimate"
"FS","Suite of Food Security Indicators","360","Indonesia","61212","Confidence interval: Upper bound","210401M","Prevalence of severe food insecurity in the male adult population (percent) (3-year average)","20162018","2016-2018","%","1","A","Official figure","Official estimate"
"FS","Suite of Food Security Indicators","360","Indonesia","6121","Value","210401M","Prevalence of severe food insecurity in the male adult population (percent) (3-year average)","20172019","2017-2019","%","0.9","A","Official figure","Official estimate"
"FS","Suite of Food Security Indicators","360","Indonesia","61211","Confidence interval: Lower bound","210401M","Prevalence of severe food insecurity in the male adult population (percent) (3-year average)","20172019","2017-2019","%","0.8","A","Official figure","Official estimate"
"FS","Suite of Food Security Indicators","360","Indonesia","61212","Confidence interval: Upper bound","210401M","Prevalence of severe food insecurity in the male adult population (percent) (3-year average)","20172019","2017-2019","%","1","A","Official figure","Official estimate"
"FS","Suite of Food Security Indicators","360","Indonesia","6121","Value","210401M","Prevalence of severe food insecurity in the male adult population (percent) (3-year average)","20182020","2018-2020","%","0.5","A","Official figure","Official estimate"
"FS","Suite of Food Security Indicators","360","Indonesia","61211","Confidence interval: Lower bound","210401M","Prevalence of severe food insecurity in the male adult population (percent) (3-year average)","20182020","2018-2020","%","<0.5","A","Official figure","Official estimate"
"FS","Suite of Food Security Indicators","360","Indonesia","61212","Confidence interval: Upper bound","210401M","Prevalence of severe food insecurity in the male adult population (percent) (3-year average)","20182020","2018-2020","%","0.6","A","Official figure","Official estimate"
"FS","Suite of Food Security Indicators","360","Indonesia","6121","Value","210401M","Prevalence of severe food insecurity in the male adult population (percent) (3-year average)","20192021","2019-2021","%","<0.5","A","Official figure","Official estimate"
"FS","Suite of Food Security Indicators","360","Indonesia","61211","Confidence interval: Lower bound","210401M","Prevalence of severe food insecurity in the male adult population (percent) (3-year average)","20192021","2019-2021","%","<0.5","A","Official figure","Official estimate"
"FS","Suite of Food Security Indicators","360","Indonesia","61212","Confidence interval: Upper bound","210401M","Prevalence of severe food insecurity in the male adult population (percent) (3-year average)","20192021","2019-2021","%","<0.5","A","Official figure","Official estimate"
"FS","Suite of Food Security Indicators","360","Indonesia","6121","Value","210401M","Prevalence of severe food insecurity in the male adult population (percent) (3-year average)","20202022","2020-2022","%","<0.5","A","Official figure","Official estimate"
"FS","Suite of Food Security Indicators","360","Indonesia","61211","Confidence interval: Lower bound","210401M","Prevalence of severe food insecurity in the male adult population (percent) (3-year average)","20202022","2020-2022","%","<0.5","A","Official figure","Official estimate"
"FS","Suite of Food Security Indicators","360","Indonesia","61212","Confidence interval: Upper bound","210401M","Prevalence of severe food insecurity in the male adult population (percent) (3-year average)","20202022","2020-2022","%","<0.5","A","Official figure","Official estimate"
"FS","Suite of Food Security Indicators","360","Indonesia","6121","Value","210401F","Prevalence of severe food insecurity in the female adult population (percent) (3-year average)","20142016","2014-2016","%","0.6","A","Official figure","Official estimate"
"FS","Suite of Food Security Indicators","360","Indonesia","61211","Confidence interval: Lower bound","210401F","Prevalence of severe food insecurity in the female adult population (percent) (3-year average)","20142016","2014-2016","%","0.5","A","Official figure","Official estimate"
"FS","Suite of Food Security Indicators","360","Indonesia","61212","Confidence interval: Upper bound","210401F","Prevalence of severe food insecurity in the female adult population (percent) (3-year average)","20142016","2014-2016","%","0.7","A","Official figure","Official estimate"
"FS","Suite of Food Security Indicators","360","Indonesia","6121","Value","210401F","Prevalence of severe food insecurity in the female adult population (percent) (3-year average)","20152017","2015-2017","%","0.8","A","Official figure","Official estimate"
"FS","Suite of Food Security Indicators","360","Indonesia","61211","Confidence interval: Lower bound","210401F","Prevalence of severe food insecurity in the female adult population (percent) (3-year average)","20152017","2015-2017","%","0.7","A","Official figure","Official estimate"
"FS","Suite of Food Security Indicators","360","Indonesia","61212","Confidence interval: Upper bound","210401F","Prevalence of severe food insecurity in the female adult population (percent) (3-year average)","20152017","2015-2017","%","0.9","A","Official figure","Official estimate"
"FS","Suite of Food Security Indicators","360","Indonesia","6121","Value","210401F","Prevalence of severe food insecurity in the female adult population (percent) (3-year average)","20162018","2016-2018","%","0.8","A","Official figure","Official estimate"
"FS","Suite of Food Security Indicators","360","Indonesia","61211","Confidence interval: Lower bound","210401F","Prevalence of severe food insecurity in the female adult population (percent) (3-year average)","20162018","2016-2018","%","0.8","A","Official figure","Official estimate"
"FS","Suite of Food Security Indicators","360","Indonesia","61212","Confidence interval: Upper bound","210401F","Prevalence of severe food insecurity in the female adult population (percent) (3-year average)","20162018","2016-2018","%","0.9","A","Official figure","Official estimate"
"FS","Suite of Food Security Indicators","360","Indonesia","6121","Value","210401F","Prevalence of severe food insecurity in the female adult population (percent) (3-year average)","20172019","2017-2019","%","0.8","A","Official figure","Official estimate"
"FS","Suite of Food Security Indicators","360","Indonesia","61211","Confidence interval: Lower bound","210401F","Prevalence of severe food insecurity in the female adult population (percent) (3-year average)","20172019","2017-2019","%","0.7","A","Official figure","Official estimate"
"FS","Suite of Food Security Indicators","360","Indonesia","61212","Confidence interval: Upper bound","210401F","Prevalence of severe food insecurity in the female adult population (percent) (3-year average)","20172019","2017-2019","%","0.8","A","Official figure","Official estimate"
"FS","Suite of Food Security Indicators","360","Indonesia","6121","Value","210401F","Prevalence of severe food insecurity in the female adult population (percent) (3-year average)","20182020","2018-2020","%","<0.5","A","Official figure","Official estimate"
"FS","Suite of Food Security Indicators","360","Indonesia","61211","Confidence interval: Lower bound","210401F","Prevalence of severe food insecurity in the female adult population (percent) (3-year average)","20182020","2018-2020","%","<0.5","A","Official figure","Official estimate"
"FS","Suite of Food Security Indicators","360","Indonesia","61212","Confidence interval: Upper bound","210401F","Prevalence of severe food insecurity in the female adult population (percent) (3-year average)","20182020","2018-2020","%","<0.5","A","Official figure","Official estimate"
"FS","Suite of Food Security Indicators","360","Indonesia","6121","Value","210401F","Prevalence of severe food insecurity in the female adult population (percent) (3-year average)","20192021","2019-2021","%","<0.5","A","Official figure","Official estimate"
"FS","Suite of Food Security Indicators","360","Indonesia","61211","Confidence interval: Lower bound","210401F","Prevalence of severe food insecurity in the female adult population (percent) (3-year average)","20192021","2019-2021","%","<0.5","A","Official figure","Official estimate"
"FS","Suite of Food Security Indicators","360","Indonesia","61212","Confidence interval: Upper bound","210401F","Prevalence of severe food insecurity in the female adult population (percent) (3-year average)","20192021","2019-2021","%","<0.5","A","Official figure","Official estimate"
"FS","Suite of Food Security Indicators","360","Indonesia","6121","Value","210401F","Prevalence of severe food insecurity in the female adult population (percent) (3-year average)","20202022","2020-2022","%","<0.5","A","Official figure","Official estimate"
"FS","Suite of Food Security Indicators","360","Indonesia","61211","Confidence interval: Lower bound","210401F","Prevalence of severe food insecurity in the female adult population (percent) (3-year average)","20202022","2020-2022","%","<0.5","A","Official figure","Official estimate"
"FS","Suite of Food Security Indicators","360","Indonesia","61212","Confidence interval: Upper bound","210401F","Prevalence of severe food insecurity in the female adult population (percent) (3-year average)","20202022","2020-2022","%","<0.5","A","Official figure","Official estimate"
"FS","Suite of Food Security Indicators","360","Indonesia","6121","Value","210091","Prevalence of moderate or severe food insecurity in the total population (percent) (3-year average)","20142016","2014-2016","%","6","A","Official figure","Official estimate"
"FS","Suite of Food Security Indicators","360","Indonesia","61211","Confidence interval: Lower bound","210091","Prevalence of moderate or severe food insecurity in the total population (percent) (3-year average)","20142016","2014-2016","%","5.8","A","Official figure","Official estimate"
"FS","Suite of Food Security Indicators","360","Indonesia","61212","Confidence interval: Upper bound","210091","Prevalence of moderate or severe food insecurity in the total population (percent) (3-year average)","20142016","2014-2016","%","6.2","A","Official figure","Official estimate"
"FS","Suite of Food Security Indicators","360","Indonesia","6121","Value","210091","Prevalence of moderate or severe food insecurity in the total population (percent) (3-year average)","20152017","2015-2017","%","7.3","A","Official figure","Official estimate"
"FS","Suite of Food Security Indicators","360","Indonesia","61211","Confidence interval: Lower bound","210091","Prevalence of moderate or severe food insecurity in the total population (percent) (3-year average)","20152017","2015-2017","%","7","A","Official figure","Official estimate"
"FS","Suite of Food Security Indicators","360","Indonesia","61212","Confidence interval: Upper bound","210091","Prevalence of moderate or severe food insecurity in the total population (percent) (3-year average)","20152017","2015-2017","%","7.5","A","Official figure","Official estimate"
"FS","Suite of Food Security Indicators","360","Indonesia","6121","Value","210091","Prevalence of moderate or severe food insecurity in the total population (percent) (3-year average)","20162018","2016-2018","%","7.6","A","Official figure","Official estimate"
"FS","Suite of Food Security Indicators","360","Indonesia","61211","Confidence interval: Lower bound","210091","Prevalence of moderate or severe food insecurity in the total population (percent) (3-year average)","20162018","2016-2018","%","7.4","A","Official figure","Official estimate"
"FS","Suite of Food Security Indicators","360","Indonesia","61212","Confidence interval: Upper bound","210091","Prevalence of moderate or severe food insecurity in the total population (percent) (3-year average)","20162018","2016-2018","%","7.8","A","Official figure","Official estimate"
"FS","Suite of Food Security Indicators","360","Indonesia","6121","Value","210091","Prevalence of moderate or severe food insecurity in the total population (percent) (3-year average)","20172019","2017-2019","%","7","A","Official figure","Official estimate"
"FS","Suite of Food Security Indicators","360","Indonesia","61211","Confidence interval: Lower bound","210091","Prevalence of moderate or severe food insecurity in the total population (percent) (3-year average)","20172019","2017-2019","%","6.8","A","Official figure","Official estimate"
"FS","Suite of Food Security Indicators","360","Indonesia","61212","Confidence interval: Upper bound","210091","Prevalence of moderate or severe food insecurity in the total population (percent) (3-year average)","20172019","2017-2019","%","7.2","A","Official figure","Official estimate"
"FS","Suite of Food Security Indicators","360","Indonesia","6121","Value","210091","Prevalence of moderate or severe food insecurity in the total population (percent) (3-year average)","20182020","2018-2020","%","5.8","A","Official figure","Official estimate"
"FS","Suite of Food Security Indicators","360","Indonesia","61211","Confidence interval: Lower bound","210091","Prevalence of moderate or severe food insecurity in the total population (percent) (3-year average)","20182020","2018-2020","%","5.3","A","Official figure","Official estimate"
"FS","Suite of Food Security Indicators","360","Indonesia","61212","Confidence interval: Upper bound","210091","Prevalence of moderate or severe food insecurity in the total population (percent) (3-year average)","20182020","2018-2020","%","6.3","A","Official figure","Official estimate"
"FS","Suite of Food Security Indicators","360","Indonesia","6121","Value","210091","Prevalence of moderate or severe food insecurity in the total population (percent) (3-year average)","20192021","2019-2021","%","5.1","A","Official figure","Official estimate"
"FS","Suite of Food Security Indicators","360","Indonesia","61211","Confidence interval: Lower bound","210091","Prevalence of moderate or severe food insecurity in the total population (percent) (3-year average)","20192021","2019-2021","%","4.3","A","Official figure","Official estimate"
"FS","Suite of Food Security Indicators","360","Indonesia","61212","Confidence interval: Upper bound","210091","Prevalence of moderate or severe food insecurity in the total population (percent) (3-year average)","20192021","2019-2021","%","5.9","A","Official figure","Official estimate"
"FS","Suite of Food Security Indicators","360","Indonesia","6121","Value","210091","Prevalence of moderate or severe food insecurity in the total population (percent) (3-year average)","20202022","2020-2022","%","4.9","A","Official figure","Official estimate"
"FS","Suite of Food Security Indicators","360","Indonesia","61211","Confidence interval: Lower bound","210091","Prevalence of moderate or severe food insecurity in the total population (percent) (3-year average)","20202022","2020-2022","%","3.8","A","Official figure","Official estimate"
"FS","Suite of Food Security Indicators","360","Indonesia","61212","Confidence interval: Upper bound","210091","Prevalence of moderate or severe food insecurity in the total population (percent) (3-year average)","20202022","2020-2022","%","6","A","Official figure","Official estimate"
"FS","Suite of Food Security Indicators","360","Indonesia","6121","Value","210091M","Prevalence of moderate or severe food insecurity in the male adult population (percent) (3-year average)","20142016","2014-2016","%","6","A","Official figure","Official estimate"
"FS","Suite of Food Security Indicators","360","Indonesia","61211","Confidence interval: Lower bound","210091M","Prevalence of moderate or severe food insecurity in the male adult population (percent) (3-year average)","20142016","2014-2016","%","5.8","A","Official figure","Official estimate"
"FS","Suite of Food Security Indicators","360","Indonesia","61212","Confidence interval: Upper bound","210091M","Prevalence of moderate or severe food insecurity in the male adult population (percent) (3-year average)","20142016","2014-2016","%","6.3","A","Official figure","Official estimate"
"FS","Suite of Food Security Indicators","360","Indonesia","6121","Value","210091M","Prevalence of moderate or severe food insecurity in the male adult population (percent) (3-year average)","20152017","2015-2017","%","7.5","A","Official figure","Official estimate"
"FS","Suite of Food Security Indicators","360","Indonesia","61211","Confidence interval: Lower bound","210091M","Prevalence of moderate or severe food insecurity in the male adult population (percent) (3-year average)","20152017","2015-2017","%","7.2","A","Official figure","Official estimate"
"FS","Suite of Food Security Indicators","360","Indonesia","61212","Confidence interval: Upper bound","210091M","Prevalence of moderate or severe food insecurity in the male adult population (percent) (3-year average)","20152017","2015-2017","%","7.7","A","Official figure","Official estimate"
"FS","Suite of Food Security Indicators","360","Indonesia","6121","Value","210091M","Prevalence of moderate or severe food insecurity in the male adult population (percent) (3-year average)","20162018","2016-2018","%","7.9","A","Official figure","Official estimate"
"FS","Suite of Food Security Indicators","360","Indonesia","61211","Confidence interval: Lower bound","210091M","Prevalence of moderate or severe food insecurity in the male adult population (percent) (3-year average)","20162018","2016-2018","%","7.7","A","Official figure","Official estimate"
"FS","Suite of Food Security Indicators","360","Indonesia","61212","Confidence interval: Upper bound","210091M","Prevalence of moderate or severe food insecurity in the male adult population (percent) (3-year average)","20162018","2016-2018","%","8.1","A","Official figure","Official estimate"
"FS","Suite of Food Security Indicators","360","Indonesia","6121","Value","210091M","Prevalence of moderate or severe food insecurity in the male adult population (percent) (3-year average)","20172019","2017-2019","%","7.4","A","Official figure","Official estimate"
"FS","Suite of Food Security Indicators","360","Indonesia","61211","Confidence interval: Lower bound","210091M","Prevalence of moderate or severe food insecurity in the male adult population (percent) (3-year average)","20172019","2017-2019","%","7.2","A","Official figure","Official estimate"
"FS","Suite of Food Security Indicators","360","Indonesia","61212","Confidence interval: Upper bound","210091M","Prevalence of moderate or severe food insecurity in the male adult population (percent) (3-year average)","20172019","2017-2019","%","7.6","A","Official figure","Official estimate"
"FS","Suite of Food Security Indicators","360","Indonesia","6121","Value","210091M","Prevalence of moderate or severe food insecurity in the male adult population (percent) (3-year average)","20182020","2018-2020","%","6","A","Official figure","Official estimate"
"FS","Suite of Food Security Indicators","360","Indonesia","61211","Confidence interval: Lower bound","210091M","Prevalence of moderate or severe food insecurity in the male adult population (percent) (3-year average)","20182020","2018-2020","%","5.5","A","Official figure","Official estimate"
"FS","Suite of Food Security Indicators","360","Indonesia","61212","Confidence interval: Upper bound","210091M","Prevalence of moderate or severe food insecurity in the male adult population (percent) (3-year average)","20182020","2018-2020","%","6.5","A","Official figure","Official estimate"
"FS","Suite of Food Security Indicators","360","Indonesia","6121","Value","210091M","Prevalence of moderate or severe food insecurity in the male adult population (percent) (3-year average)","20192021","2019-2021","%","5.1","A","Official figure","Official estimate"
"FS","Suite of Food Security Indicators","360","Indonesia","61211","Confidence interval: Lower bound","210091M","Prevalence of moderate or severe food insecurity in the male adult population (percent) (3-year average)","20192021","2019-2021","%","4.3","A","Official figure","Official estimate"
"FS","Suite of Food Security Indicators","360","Indonesia","61212","Confidence interval: Upper bound","210091M","Prevalence of moderate or severe food insecurity in the male adult population (percent) (3-year average)","20192021","2019-2021","%","5.9","A","Official figure","Official estimate"
"FS","Suite of Food Security Indicators","360","Indonesia","6121","Value","210091M","Prevalence of moderate or severe food insecurity in the male adult population (percent) (3-year average)","20202022","2020-2022","%","4.9","A","Official figure","Official estimate"
"FS","Suite of Food Security Indicators","360","Indonesia","61211","Confidence interval: Lower bound","210091M","Prevalence of moderate or severe food insecurity in the male adult population (percent) (3-year average)","20202022","2020-2022","%","3.7","A","Official figure","Official estimate"
"FS","Suite of Food Security Indicators","360","Indonesia","61212","Confidence interval: Upper bound","210091M","Prevalence of moderate or severe food insecurity in the male adult population (percent) (3-year average)","20202022","2020-2022","%","6.1","A","Official figure","Official estimate"
"FS","Suite of Food Security Indicators","360","Indonesia","6121","Value","210091F","Prevalence of moderate or severe food insecurity in the female adult population (percent) (3-year average)","20142016","2014-2016","%","6","A","Official figure","Official estimate"
"FS","Suite of Food Security Indicators","360","Indonesia","61211","Confidence interval: Lower bound","210091F","Prevalence of moderate or severe food insecurity in the female adult population (percent) (3-year average)","20142016","2014-2016","%","5.8","A","Official figure","Official estimate"
"FS","Suite of Food Security Indicators","360","Indonesia","61212","Confidence interval: Upper bound","210091F","Prevalence of moderate or severe food insecurity in the female adult population (percent) (3-year average)","20142016","2014-2016","%","6.2","A","Official figure","Official estimate"
"FS","Suite of Food Security Indicators","360","Indonesia","6121","Value","210091F","Prevalence of moderate or severe food insecurity in the female adult population (percent) (3-year average)","20152017","2015-2017","%","7.1","A","Official figure","Official estimate"
"FS","Suite of Food Security Indicators","360","Indonesia","61211","Confidence interval: Lower bound","210091F","Prevalence of moderate or severe food insecurity in the female adult population (percent) (3-year average)","20152017","2015-2017","%","6.8","A","Official figure","Official estimate"
"FS","Suite of Food Security Indicators","360","Indonesia","61212","Confidence interval: Upper bound","210091F","Prevalence of moderate or severe food insecurity in the female adult population (percent) (3-year average)","20152017","2015-2017","%","7.3","A","Official figure","Official estimate"
"FS","Suite of Food Security Indicators","360","Indonesia","6121","Value","210091F","Prevalence of moderate or severe food insecurity in the female adult population (percent) (3-year average)","20162018","2016-2018","%","7.2","A","Official figure","Official estimate"
"FS","Suite of Food Security Indicators","360","Indonesia","61211","Confidence interval: Lower bound","210091F","Prevalence of moderate or severe food insecurity in the female adult population (percent) (3-year average)","20162018","2016-2018","%","7","A","Official figure","Official estimate"
"FS","Suite of Food Security Indicators","360","Indonesia","61212","Confidence interval: Upper bound","210091F","Prevalence of moderate or severe food insecurity in the female adult population (percent) (3-year average)","20162018","2016-2018","%","7.4","A","Official figure","Official estimate"
"FS","Suite of Food Security Indicators","360","Indonesia","6121","Value","210091F","Prevalence of moderate or severe food insecurity in the female adult population (percent) (3-year average)","20172019","2017-2019","%","6.5","A","Official figure","Official estimate"
"FS","Suite of Food Security Indicators","360","Indonesia","61211","Confidence interval: Lower bound","210091F","Prevalence of moderate or severe food insecurity in the female adult population (percent) (3-year average)","20172019","2017-2019","%","6.3","A","Official figure","Official estimate"
"FS","Suite of Food Security Indicators","360","Indonesia","61212","Confidence interval: Upper bound","210091F","Prevalence of moderate or severe food insecurity in the female adult population (percent) (3-year average)","20172019","2017-2019","%","6.7","A","Official figure","Official estimate"
"FS","Suite of Food Security Indicators","360","Indonesia","6121","Value","210091F","Prevalence of moderate or severe food insecurity in the female adult population (percent) (3-year average)","20182020","2018-2020","%","5.6","A","Official figure","Official estimate"
"FS","Suite of Food Security Indicators","360","Indonesia","61211","Confidence interval: Lower bound","210091F","Prevalence of moderate or severe food insecurity in the female adult population (percent) (3-year average)","20182020","2018-2020","%","5.1","A","Official figure","Official estimate"
"FS","Suite of Food Security Indicators","360","Indonesia","61212","Confidence interval: Upper bound","210091F","Prevalence of moderate or severe food insecurity in the female adult population (percent) (3-year average)","20182020","2018-2020","%","6.1","A","Official figure","Official estimate"
"FS","Suite of Food Security Indicators","360","Indonesia","6121","Value","210091F","Prevalence of moderate or severe food insecurity in the female adult population (percent) (3-year average)","20192021","2019-2021","%","5.1","A","Official figure","Official estimate"
"FS","Suite of Food Security Indicators","360","Indonesia","61211","Confidence interval: Lower bound","210091F","Prevalence of moderate or severe food insecurity in the female adult population (percent) (3-year average)","20192021","2019-2021","%","4.3","A","Official figure","Official estimate"
"FS","Suite of Food Security Indicators","360","Indonesia","61212","Confidence interval: Upper bound","210091F","Prevalence of moderate or severe food insecurity in the female adult population (percent) (3-year average)","20192021","2019-2021","%","5.9","A","Official figure","Official estimate"
"FS","Suite of Food Security Indicators","360","Indonesia","6121","Value","210091F","Prevalence of moderate or severe food insecurity in the female adult population (percent) (3-year average)","20202022","2020-2022","%","4.9","A","Official figure","Official estimate"
"FS","Suite of Food Security Indicators","360","Indonesia","61211","Confidence interval: Lower bound","210091F","Prevalence of moderate or severe food insecurity in the female adult population (percent) (3-year average)","20202022","2020-2022","%","3.8","A","Official figure","Official estimate"
"FS","Suite of Food Security Indicators","360","Indonesia","61212","Confidence interval: Upper bound","210091F","Prevalence of moderate or severe food insecurity in the female adult population (percent) (3-year average)","20202022","2020-2022","%","6","A","Official figure","Official estimate"
"FS","Suite of Food Security Indicators","360","Indonesia","6132","Value","210071","Number of severely food insecure people (million) (3-year average)","20142016","2014-2016","million No","1.8","A","Official figure","Official estimate"
"FS","Suite of Food Security Indicators","360","Indonesia","61321","Confidence interval: Lower bound","210071","Number of severely food insecure people (million) (3-year average)","20142016","2014-2016","million No","1.6","A","Official figure","Official estimate"
"FS","Suite of Food Security Indicators","360","Indonesia","61322","Confidence interval: Upper bound","210071","Number of severely food insecure people (million) (3-year average)","20142016","2014-2016","million No","1.9","A","Official figure","Official estimate"
"FS","Suite of Food Security Indicators","360","Indonesia","6132","Value","210071","Number of severely food insecure people (million) (3-year average)","20152017","2015-2017","million No","2.3","A","Official figure","Official estimate"
"FS","Suite of Food Security Indicators","360","Indonesia","61321","Confidence interval: Lower bound","210071","Number of severely food insecure people (million) (3-year average)","20152017","2015-2017","million No","2.1","A","Official figure","Official estimate"
"FS","Suite of Food Security Indicators","360","Indonesia","61322","Confidence interval: Upper bound","210071","Number of severely food insecure people (million) (3-year average)","20152017","2015-2017","million No","2.5","A","Official figure","Official estimate"
"FS","Suite of Food Security Indicators","360","Indonesia","6132","Value","210071","Number of severely food insecure people (million) (3-year average)","20162018","2016-2018","million No","2.4","A","Official figure","Official estimate"
"FS","Suite of Food Security Indicators","360","Indonesia","61321","Confidence interval: Lower bound","210071","Number of severely food insecure people (million) (3-year average)","20162018","2016-2018","million No","2.2","A","Official figure","Official estimate"
"FS","Suite of Food Security Indicators","360","Indonesia","61322","Confidence interval: Upper bound","210071","Number of severely food insecure people (million) (3-year average)","20162018","2016-2018","million No","2.6","A","Official figure","Official estimate"
"FS","Suite of Food Security Indicators","360","Indonesia","6132","Value","210071","Number of severely food insecure people (million) (3-year average)","20172019","2017-2019","million No","2.2","A","Official figure","Official estimate"
"FS","Suite of Food Security Indicators","360","Indonesia","61321","Confidence interval: Lower bound","210071","Number of severely food insecure people (million) (3-year average)","20172019","2017-2019","million No","2.1","A","Official figure","Official estimate"
"FS","Suite of Food Security Indicators","360","Indonesia","61322","Confidence interval: Upper bound","210071","Number of severely food insecure people (million) (3-year average)","20172019","2017-2019","million No","2.4","A","Official figure","Official estimate"
"FS","Suite of Food Security Indicators","360","Indonesia","6132","Value","210071","Number of severely food insecure people (million) (3-year average)","20182020","2018-2020","million No","","Q","Missing value; suppressed",""
"FS","Suite of Food Security Indicators","360","Indonesia","61321","Confidence interval: Lower bound","210071","Number of severely food insecure people (million) (3-year average)","20182020","2018-2020","million No","","Q","Missing value; suppressed",""
"FS","Suite of Food Security Indicators","360","Indonesia","61322","Confidence interval: Upper bound","210071","Number of severely food insecure people (million) (3-year average)","20182020","2018-2020","million No","","Q","Missing value; suppressed",""
"FS","Suite of Food Security Indicators","360","Indonesia","6132","Value","210071","Number of severely food insecure people (million) (3-year average)","20192021","2019-2021","million No","","Q","Missing value; suppressed",""
"FS","Suite of Food Security Indicators","360","Indonesia","61321","Confidence interval: Lower bound","210071","Number of severely food insecure people (million) (3-year average)","20192021","2019-2021","million No","","Q","Missing value; suppressed",""
"FS","Suite of Food Security Indicators","360","Indonesia","61322","Confidence interval: Upper bound","210071","Number of severely food insecure people (million) (3-year average)","20192021","2019-2021","million No","","Q","Missing value; suppressed",""
"FS","Suite of Food Security Indicators","360","Indonesia","6132","Value","210071","Number of severely food insecure people (million) (3-year average)","20202022","2020-2022","million No","","Q","Missing value; suppressed",""
"FS","Suite of Food Security Indicators","360","Indonesia","61321","Confidence interval: Lower bound","210071","Number of severely food insecure people (million) (3-year average)","20202022","2020-2022","million No","","Q","Missing value; suppressed",""
"FS","Suite of Food Security Indicators","360","Indonesia","61322","Confidence interval: Upper bound","210071","Number of severely food insecure people (million) (3-year average)","20202022","2020-2022","million No","","Q","Missing value; suppressed",""
"FS","Suite of Food Security Indicators","360","Indonesia","6132","Value","210071M","Number of severely food insecure male adults (million) (3-year average)","20142016","2014-2016","million No","0.7","A","Official figure","Official estimate"
"FS","Suite of Food Security Indicators","360","Indonesia","61321","Confidence interval: Lower bound","210071M","Number of severely food insecure male adults (million) (3-year average)","20142016","2014-2016","million No","0.6","A","Official figure","Official estimate"
"FS","Suite of Food Security Indicators","360","Indonesia","61322","Confidence interval: Upper bound","210071M","Number of severely food insecure male adults (million) (3-year average)","20142016","2014-2016","million No","0.8","A","Official figure","Official estimate"
"FS","Suite of Food Security Indicators","360","Indonesia","6132","Value","210071M","Number of severely food insecure male adults (million) (3-year average)","20152017","2015-2017","million No","0.9","A","Official figure","Official estimate"
"FS","Suite of Food Security Indicators","360","Indonesia","61321","Confidence interval: Lower bound","210071M","Number of severely food insecure male adults (million) (3-year average)","20152017","2015-2017","million No","0.8","A","Official figure","Official estimate"
"FS","Suite of Food Security Indicators","360","Indonesia","61322","Confidence interval: Upper bound","210071M","Number of severely food insecure male adults (million) (3-year average)","20152017","2015-2017","million No","1","A","Official figure","Official estimate"
"FS","Suite of Food Security Indicators","360","Indonesia","6132","Value","210071M","Number of severely food insecure male adults (million) (3-year average)","20162018","2016-2018","million No","0.9","A","Official figure","Official estimate"
"FS","Suite of Food Security Indicators","360","Indonesia","61321","Confidence interval: Lower bound","210071M","Number of severely food insecure male adults (million) (3-year average)","20162018","2016-2018","million No","0.9","A","Official figure","Official estimate"
"FS","Suite of Food Security Indicators","360","Indonesia","61322","Confidence interval: Upper bound","210071M","Number of severely food insecure male adults (million) (3-year average)","20162018","2016-2018","million No","1","A","Official figure","Official estimate"
"FS","Suite of Food Security Indicators","360","Indonesia","6132","Value","210071M","Number of severely food insecure male adults (million) (3-year average)","20172019","2017-2019","million No","0.9","A","Official figure","Official estimate"
"FS","Suite of Food Security Indicators","360","Indonesia","61321","Confidence interval: Lower bound","210071M","Number of severely food insecure male adults (million) (3-year average)","20172019","2017-2019","million No","0.8","A","Official figure","Official estimate"
"FS","Suite of Food Security Indicators","360","Indonesia","61322","Confidence interval: Upper bound","210071M","Number of severely food insecure male adults (million) (3-year average)","20172019","2017-2019","million No","1","A","Official figure","Official estimate"
"FS","Suite of Food Security Indicators","360","Indonesia","6132","Value","210071M","Number of severely food insecure male adults (million) (3-year average)","20182020","2018-2020","million No","0.5","A","Official figure","Official estimate"
"FS","Suite of Food Security Indicators","360","Indonesia","61321","Confidence interval: Lower bound","210071M","Number of severely food insecure male adults (million) (3-year average)","20182020","2018-2020","million No","0.5","A","Official figure","Official estimate"
"FS","Suite of Food Security Indicators","360","Indonesia","61322","Confidence interval: Upper bound","210071M","Number of severely food insecure male adults (million) (3-year average)","20182020","2018-2020","million No","0.5","A","Official figure","Official estimate"
"FS","Suite of Food Security Indicators","360","Indonesia","6132","Value","210071M","Number of severely food insecure male adults (million) (3-year average)","20192021","2019-2021","million No","","Q","Missing value; suppressed",""
"FS","Suite of Food Security Indicators","360","Indonesia","61321","Confidence interval: Lower bound","210071M","Number of severely food insecure male adults (million) (3-year average)","20192021","2019-2021","million No","","Q","Missing value; suppressed",""
"FS","Suite of Food Security Indicators","360","Indonesia","61322","Confidence interval: Upper bound","210071M","Number of severely food insecure male adults (million) (3-year average)","20192021","2019-2021","million No","","Q","Missing value; suppressed",""
"FS","Suite of Food Security Indicators","360","Indonesia","6132","Value","210071M","Number of severely food insecure male adults (million) (3-year average)","20202022","2020-2022","million No","","Q","Missing value; suppressed",""
"FS","Suite of Food Security Indicators","360","Indonesia","61321","Confidence interval: Lower bound","210071M","Number of severely food insecure male adults (million) (3-year average)","20202022","2020-2022","million No","","Q","Missing value; suppressed",""
"FS","Suite of Food Security Indicators","360","Indonesia","61322","Confidence interval: Upper bound","210071M","Number of severely food insecure male adults (million) (3-year average)","20202022","2020-2022","million No","","Q","Missing value; suppressed",""
"FS","Suite of Food Security Indicators","360","Indonesia","6132","Value","210071F","Number of severely food insecure female adults (million) (3-year average)","20142016","2014-2016","million No","0.6","A","Official figure","Official estimate"
"FS","Suite of Food Security Indicators","360","Indonesia","61321","Confidence interval: Lower bound","210071F","Number of severely food insecure female adults (million) (3-year average)","20142016","2014-2016","million No","0.5","A","Official figure","Official estimate"
"FS","Suite of Food Security Indicators","360","Indonesia","61322","Confidence interval: Upper bound","210071F","Number of severely food insecure female adults (million) (3-year average)","20142016","2014-2016","million No","0.6","A","Official figure","Official estimate"
"FS","Suite of Food Security Indicators","360","Indonesia","6132","Value","210071F","Number of severely food insecure female adults (million) (3-year average)","20152017","2015-2017","million No","0.8","A","Official figure","Official estimate"
"FS","Suite of Food Security Indicators","360","Indonesia","61321","Confidence interval: Lower bound","210071F","Number of severely food insecure female adults (million) (3-year average)","20152017","2015-2017","million No","0.7","A","Official figure","Official estimate"
"FS","Suite of Food Security Indicators","360","Indonesia","61322","Confidence interval: Upper bound","210071F","Number of severely food insecure female adults (million) (3-year average)","20152017","2015-2017","million No","0.8","A","Official figure","Official estimate"
"FS","Suite of Food Security Indicators","360","Indonesia","6132","Value","210071F","Number of severely food insecure female adults (million) (3-year average)","20162018","2016-2018","million No","0.8","A","Official figure","Official estimate"
"FS","Suite of Food Security Indicators","360","Indonesia","61321","Confidence interval: Lower bound","210071F","Number of severely food insecure female adults (million) (3-year average)","20162018","2016-2018","million No","0.8","A","Official figure","Official estimate"
"FS","Suite of Food Security Indicators","360","Indonesia","61322","Confidence interval: Upper bound","210071F","Number of severely food insecure female adults (million) (3-year average)","20162018","2016-2018","million No","0.9","A","Official figure","Official estimate"
"FS","Suite of Food Security Indicators","360","Indonesia","6132","Value","210071F","Number of severely food insecure female adults (million) (3-year average)","20172019","2017-2019","million No","0.7","A","Official figure","Official estimate"
"FS","Suite of Food Security Indicators","360","Indonesia","61321","Confidence interval: Lower bound","210071F","Number of severely food insecure female adults (million) (3-year average)","20172019","2017-2019","million No","0.7","A","Official figure","Official estimate"
"FS","Suite of Food Security Indicators","360","Indonesia","61322","Confidence interval: Upper bound","210071F","Number of severely food insecure female adults (million) (3-year average)","20172019","2017-2019","million No","0.8","A","Official figure","Official estimate"
"FS","Suite of Food Security Indicators","360","Indonesia","6132","Value","210071F","Number of severely food insecure female adults (million) (3-year average)","20182020","2018-2020","million No","","Q","Missing value; suppressed",""
"FS","Suite of Food Security Indicators","360","Indonesia","61321","Confidence interval: Lower bound","210071F","Number of severely food insecure female adults (million) (3-year average)","20182020","2018-2020","million No","","Q","Missing value; suppressed",""
"FS","Suite of Food Security Indicators","360","Indonesia","61322","Confidence interval: Upper bound","210071F","Number of severely food insecure female adults (million) (3-year average)","20182020","2018-2020","million No","","Q","Missing value; suppressed",""
"FS","Suite of Food Security Indicators","360","Indonesia","6132","Value","210071F","Number of severely food insecure female adults (million) (3-year average)","20192021","2019-2021","million No","","Q","Missing value; suppressed",""
"FS","Suite of Food Security Indicators","360","Indonesia","61321","Confidence interval: Lower bound","210071F","Number of severely food insecure female adults (million) (3-year average)","20192021","2019-2021","million No","","Q","Missing value; suppressed",""
"FS","Suite of Food Security Indicators","360","Indonesia","61322","Confidence interval: Upper bound","210071F","Number of severely food insecure female adults (million) (3-year average)","20192021","2019-2021","million No","","Q","Missing value; suppressed",""
"FS","Suite of Food Security Indicators","360","Indonesia","6132","Value","210071F","Number of severely food insecure female adults (million) (3-year average)","20202022","2020-2022","million No","","Q","Missing value; suppressed",""
"FS","Suite of Food Security Indicators","360","Indonesia","61321","Confidence interval: Lower bound","210071F","Number of severely food insecure female adults (million) (3-year average)","20202022","2020-2022","million No","","Q","Missing value; suppressed",""
"FS","Suite of Food Security Indicators","360","Indonesia","61322","Confidence interval: Upper bound","210071F","Number of severely food insecure female adults (million) (3-year average)","20202022","2020-2022","million No","","Q","Missing value; suppressed",""
"FS","Suite of Food Security Indicators","360","Indonesia","6132","Value","210081","Number of moderately or severely food insecure people (million) (3-year average)","20142016","2014-2016","million No","15.5","A","Official figure","Official estimate"
"FS","Suite of Food Security Indicators","360","Indonesia","61321","Confidence interval: Lower bound","210081","Number of moderately or severely food insecure people (million) (3-year average)","20142016","2014-2016","million No","14.9","A","Official figure","Official estimate"
"FS","Suite of Food Security Indicators","360","Indonesia","61322","Confidence interval: Upper bound","210081","Number of moderately or severely food insecure people (million) (3-year average)","20142016","2014-2016","million No","16.1","A","Official figure","Official estimate"
"FS","Suite of Food Security Indicators","360","Indonesia","6132","Value","210081","Number of moderately or severely food insecure people (million) (3-year average)","20152017","2015-2017","million No","19","A","Official figure","Official estimate"
"FS","Suite of Food Security Indicators","360","Indonesia","61321","Confidence interval: Lower bound","210081","Number of moderately or severely food insecure people (million) (3-year average)","20152017","2015-2017","million No","18.4","A","Official figure","Official estimate"
"FS","Suite of Food Security Indicators","360","Indonesia","61322","Confidence interval: Upper bound","210081","Number of moderately or severely food insecure people (million) (3-year average)","20152017","2015-2017","million No","19.6","A","Official figure","Official estimate"
"FS","Suite of Food Security Indicators","360","Indonesia","6132","Value","210081","Number of moderately or severely food insecure people (million) (3-year average)","20162018","2016-2018","million No","20","A","Official figure","Official estimate"
"FS","Suite of Food Security Indicators","360","Indonesia","61321","Confidence interval: Lower bound","210081","Number of moderately or severely food insecure people (million) (3-year average)","20162018","2016-2018","million No","19.4","A","Official figure","Official estimate"
"FS","Suite of Food Security Indicators","360","Indonesia","61322","Confidence interval: Upper bound","210081","Number of moderately or severely food insecure people (million) (3-year average)","20162018","2016-2018","million No","20.5","A","Official figure","Official estimate"
"FS","Suite of Food Security Indicators","360","Indonesia","6132","Value","210081","Number of moderately or severely food insecure people (million) (3-year average)","20172019","2017-2019","million No","18.6","A","Official figure","Official estimate"
"FS","Suite of Food Security Indicators","360","Indonesia","61321","Confidence interval: Lower bound","210081","Number of moderately or severely food insecure people (million) (3-year average)","20172019","2017-2019","million No","18.1","A","Official figure","Official estimate"
"FS","Suite of Food Security Indicators","360","Indonesia","61322","Confidence interval: Upper bound","210081","Number of moderately or severely food insecure people (million) (3-year average)","20172019","2017-2019","million No","19.1","A","Official figure","Official estimate"
"FS","Suite of Food Security Indicators","360","Indonesia","6132","Value","210081","Number of moderately or severely food insecure people (million) (3-year average)","20182020","2018-2020","million No","15.6","A","Official figure","Official estimate"
"FS","Suite of Food Security Indicators","360","Indonesia","61321","Confidence interval: Lower bound","210081","Number of moderately or severely food insecure people (million) (3-year average)","20182020","2018-2020","million No","14.3","A","Official figure","Official estimate"
"FS","Suite of Food Security Indicators","360","Indonesia","61322","Confidence interval: Upper bound","210081","Number of moderately or severely food insecure people (million) (3-year average)","20182020","2018-2020","million No","17","A","Official figure","Official estimate"
"FS","Suite of Food Security Indicators","360","Indonesia","6132","Value","210081","Number of moderately or severely food insecure people (million) (3-year average)","20192021","2019-2021","million No","13.9","A","Official figure","Official estimate"
"FS","Suite of Food Security Indicators","360","Indonesia","61321","Confidence interval: Lower bound","210081","Number of moderately or severely food insecure people (million) (3-year average)","20192021","2019-2021","million No","11.7","A","Official figure","Official estimate"
"FS","Suite of Food Security Indicators","360","Indonesia","61322","Confidence interval: Upper bound","210081","Number of moderately or severely food insecure people (million) (3-year average)","20192021","2019-2021","million No","16.1","A","Official figure","Official estimate"
"FS","Suite of Food Security Indicators","360","Indonesia","6132","Value","210081","Number of moderately or severely food insecure people (million) (3-year average)","20202022","2020-2022","million No","13.4","A","Official figure","Official estimate"
"FS","Suite of Food Security Indicators","360","Indonesia","61321","Confidence interval: Lower bound","210081","Number of moderately or severely food insecure people (million) (3-year average)","20202022","2020-2022","million No","10.4","A","Official figure","Official estimate"
"FS","Suite of Food Security Indicators","360","Indonesia","61322","Confidence interval: Upper bound","210081","Number of moderately or severely food insecure people (million) (3-year average)","20202022","2020-2022","million No","16.5","A","Official figure","Official estimate"
"FS","Suite of Food Security Indicators","360","Indonesia","6132","Value","210081M","Number of moderately or severely food insecure male adults (million) (3-year average)","20142016","2014-2016","million No","5.7","A","Official figure","Official estimate"
"FS","Suite of Food Security Indicators","360","Indonesia","61321","Confidence interval: Lower bound","210081M","Number of moderately or severely food insecure male adults (million) (3-year average)","20142016","2014-2016","million No","5.5","A","Official figure","Official estimate"
"FS","Suite of Food Security Indicators","360","Indonesia","61322","Confidence interval: Upper bound","210081M","Number of moderately or severely food insecure male adults (million) (3-year average)","20142016","2014-2016","million No","5.9","A","Official figure","Official estimate"
"FS","Suite of Food Security Indicators","360","Indonesia","6132","Value","210081M","Number of moderately or severely food insecure male adults (million) (3-year average)","20152017","2015-2017","million No","7.2","A","Official figure","Official estimate"
"FS","Suite of Food Security Indicators","360","Indonesia","61321","Confidence interval: Lower bound","210081M","Number of moderately or severely food insecure male adults (million) (3-year average)","20152017","2015-2017","million No","6.9","A","Official figure","Official estimate"
"FS","Suite of Food Security Indicators","360","Indonesia","61322","Confidence interval: Upper bound","210081M","Number of moderately or severely food insecure male adults (million) (3-year average)","20152017","2015-2017","million No","7.4","A","Official figure","Official estimate"
"FS","Suite of Food Security Indicators","360","Indonesia","6132","Value","210081M","Number of moderately or severely food insecure male adults (million) (3-year average)","20162018","2016-2018","million No","7.7","A","Official figure","Official estimate"
"FS","Suite of Food Security Indicators","360","Indonesia","61321","Confidence interval: Lower bound","210081M","Number of moderately or severely food insecure male adults (million) (3-year average)","20162018","2016-2018","million No","7.5","A","Official figure","Official estimate"
"FS","Suite of Food Security Indicators","360","Indonesia","61322","Confidence interval: Upper bound","210081M","Number of moderately or severely food insecure male adults (million) (3-year average)","20162018","2016-2018","million No","7.9","A","Official figure","Official estimate"
"FS","Suite of Food Security Indicators","360","Indonesia","6132","Value","210081M","Number of moderately or severely food insecure male adults (million) (3-year average)","20172019","2017-2019","million No","7.3","A","Official figure","Official estimate"
"FS","Suite of Food Security Indicators","360","Indonesia","61321","Confidence interval: Lower bound","210081M","Number of moderately or severely food insecure male adults (million) (3-year average)","20172019","2017-2019","million No","7.1","A","Official figure","Official estimate"
"FS","Suite of Food Security Indicators","360","Indonesia","61322","Confidence interval: Upper bound","210081M","Number of moderately or severely food insecure male adults (million) (3-year average)","20172019","2017-2019","million No","7.5","A","Official figure","Official estimate"
"FS","Suite of Food Security Indicators","360","Indonesia","6132","Value","210081M","Number of moderately or severely food insecure male adults (million) (3-year average)","20182020","2018-2020","million No","6","A","Official figure","Official estimate"
"FS","Suite of Food Security Indicators","360","Indonesia","61321","Confidence interval: Lower bound","210081M","Number of moderately or severely food insecure male adults (million) (3-year average)","20182020","2018-2020","million No","5.5","A","Official figure","Official estimate"
"FS","Suite of Food Security Indicators","360","Indonesia","61322","Confidence interval: Upper bound","210081M","Number of moderately or severely food insecure male adults (million) (3-year average)","20182020","2018-2020","million No","6.5","A","Official figure","Official estimate"
"FS","Suite of Food Security Indicators","360","Indonesia","6132","Value","210081M","Number of moderately or severely food insecure male adults (million) (3-year average)","20192021","2019-2021","million No","5.2","A","Official figure","Official estimate"
"FS","Suite of Food Security Indicators","360","Indonesia","61321","Confidence interval: Lower bound","210081M","Number of moderately or severely food insecure male adults (million) (3-year average)","20192021","2019-2021","million No","4.4","A","Official figure","Official estimate"
"FS","Suite of Food Security Indicators","360","Indonesia","61322","Confidence interval: Upper bound","210081M","Number of moderately or severely food insecure male adults (million) (3-year average)","20192021","2019-2021","million No","6","A","Official figure","Official estimate"
"FS","Suite of Food Security Indicators","360","Indonesia","6132","Value","210081M","Number of moderately or severely food insecure male adults (million) (3-year average)","20202022","2020-2022","million No","5","A","Official figure","Official estimate"
"FS","Suite of Food Security Indicators","360","Indonesia","61321","Confidence interval: Lower bound","210081M","Number of moderately or severely food insecure male adults (million) (3-year average)","20202022","2020-2022","million No","3.8","A","Official figure","Official estimate"
"FS","Suite of Food Security Indicators","360","Indonesia","61322","Confidence interval: Upper bound","210081M","Number of moderately or severely food insecure male adults (million) (3-year average)","20202022","2020-2022","million No","6.2","A","Official figure","Official estimate"
"FS","Suite of Food Security Indicators","360","Indonesia","6132","Value","210081F","Number of moderately or severely food insecure female adults (million) (3-year average)","20142016","2014-2016","million No","5.7","A","Official figure","Official estimate"
"FS","Suite of Food Security Indicators","360","Indonesia","61321","Confidence interval: Lower bound","210081F","Number of moderately or severely food insecure female adults (million) (3-year average)","20142016","2014-2016","million No","5.4","A","Official figure","Official estimate"
"FS","Suite of Food Security Indicators","360","Indonesia","61322","Confidence interval: Upper bound","210081F","Number of moderately or severely food insecure female adults (million) (3-year average)","20142016","2014-2016","million No","5.9","A","Official figure","Official estimate"
"FS","Suite of Food Security Indicators","360","Indonesia","6132","Value","210081F","Number of moderately or severely food insecure female adults (million) (3-year average)","20152017","2015-2017","million No","6.8","A","Official figure","Official estimate"
"FS","Suite of Food Security Indicators","360","Indonesia","61321","Confidence interval: Lower bound","210081F","Number of moderately or severely food insecure female adults (million) (3-year average)","20152017","2015-2017","million No","6.6","A","Official figure","Official estimate"
"FS","Suite of Food Security Indicators","360","Indonesia","61322","Confidence interval: Upper bound","210081F","Number of moderately or severely food insecure female adults (million) (3-year average)","20152017","2015-2017","million No","7","A","Official figure","Official estimate"
"FS","Suite of Food Security Indicators","360","Indonesia","6132","Value","210081F","Number of moderately or severely food insecure female adults (million) (3-year average)","20162018","2016-2018","million No","7","A","Official figure","Official estimate"
"FS","Suite of Food Security Indicators","360","Indonesia","61321","Confidence interval: Lower bound","210081F","Number of moderately or severely food insecure female adults (million) (3-year average)","20162018","2016-2018","million No","6.8","A","Official figure","Official estimate"
"FS","Suite of Food Security Indicators","360","Indonesia","61322","Confidence interval: Upper bound","210081F","Number of moderately or severely food insecure female adults (million) (3-year average)","20162018","2016-2018","million No","7.2","A","Official figure","Official estimate"
"FS","Suite of Food Security Indicators","360","Indonesia","6132","Value","210081F","Number of moderately or severely food insecure female adults (million) (3-year average)","20172019","2017-2019","million No","6.4","A","Official figure","Official estimate"
"FS","Suite of Food Security Indicators","360","Indonesia","61321","Confidence interval: Lower bound","210081F","Number of moderately or severely food insecure female adults (million) (3-year average)","20172019","2017-2019","million No","6.2","A","Official figure","Official estimate"
"FS","Suite of Food Security Indicators","360","Indonesia","61322","Confidence interval: Upper bound","210081F","Number of moderately or severely food insecure female adults (million) (3-year average)","20172019","2017-2019","million No","6.6","A","Official figure","Official estimate"
"FS","Suite of Food Security Indicators","360","Indonesia","6132","Value","210081F","Number of moderately or severely food insecure female adults (million) (3-year average)","20182020","2018-2020","million No","5.5","A","Official figure","Official estimate"
"FS","Suite of Food Security Indicators","360","Indonesia","61321","Confidence interval: Lower bound","210081F","Number of moderately or severely food insecure female adults (million) (3-year average)","20182020","2018-2020","million No","5","A","Official figure","Official estimate"
"FS","Suite of Food Security Indicators","360","Indonesia","61322","Confidence interval: Upper bound","210081F","Number of moderately or severely food insecure female adults (million) (3-year average)","20182020","2018-2020","million No","6.1","A","Official figure","Official estimate"
"FS","Suite of Food Security Indicators","360","Indonesia","6132","Value","210081F","Number of moderately or severely food insecure female adults (million) (3-year average)","20192021","2019-2021","million No","5.1","A","Official figure","Official estimate"
"FS","Suite of Food Security Indicators","360","Indonesia","61321","Confidence interval: Lower bound","210081F","Number of moderately or severely food insecure female adults (million) (3-year average)","20192021","2019-2021","million No","4.3","A","Official figure","Official estimate"
"FS","Suite of Food Security Indicators","360","Indonesia","61322","Confidence interval: Upper bound","210081F","Number of moderately or severely food insecure female adults (million) (3-year average)","20192021","2019-2021","million No","5.9","A","Official figure","Official estimate"
"FS","Suite of Food Security Indicators","360","Indonesia","6132","Value","210081F","Number of moderately or severely food insecure female adults (million) (3-year average)","20202022","2020-2022","million No","5","A","Official figure","Official estimate"
"FS","Suite of Food Security Indicators","360","Indonesia","61321","Confidence interval: Lower bound","210081F","Number of moderately or severely food insecure female adults (million) (3-year average)","20202022","2020-2022","million No","3.9","A","Official figure","Official estimate"
"FS","Suite of Food Security Indicators","360","Indonesia","61322","Confidence interval: Upper bound","210081F","Number of moderately or severely food insecure female adults (million) (3-year average)","20202022","2020-2022","million No","6.1","A","Official figure","Official estimate"
"FS","Suite of Food Security Indicators","360","Indonesia","6121","Value","21035","Cereal import dependency ratio (percent) (3-year average)","20002002","2000-2002","%","12.8","E","Estimated value",""
"FS","Suite of Food Security Indicators","360","Indonesia","6121","Value","21035","Cereal import dependency ratio (percent) (3-year average)","20012003","2001-2003","%","12.6","E","Estimated value",""
"FS","Suite of Food Security Indicators","360","Indonesia","6121","Value","21035","Cereal import dependency ratio (percent) (3-year average)","20022004","2002-2004","%","13.3","E","Estimated value",""
"FS","Suite of Food Security Indicators","360","Indonesia","6121","Value","21035","Cereal import dependency ratio (percent) (3-year average)","20032005","2003-2005","%","11.5","E","Estimated value",""
"FS","Suite of Food Security Indicators","360","Indonesia","6121","Value","21035","Cereal import dependency ratio (percent) (3-year average)","20042006","2004-2006","%","11.7","E","Estimated value",""
"FS","Suite of Food Security Indicators","360","Indonesia","6121","Value","21035","Cereal import dependency ratio (percent) (3-year average)","20052007","2005-2007","%","12.2","E","Estimated value",""
"FS","Suite of Food Security Indicators","360","Indonesia","6121","Value","21035","Cereal import dependency ratio (percent) (3-year average)","20062008","2006-2008","%","11.9","E","Estimated value",""
"FS","Suite of Food Security Indicators","360","Indonesia","6121","Value","21035","Cereal import dependency ratio (percent) (3-year average)","20072009","2007-2009","%","10.5","E","Estimated value",""
"FS","Suite of Food Security Indicators","360","Indonesia","6121","Value","21035","Cereal import dependency ratio (percent) (3-year average)","20082010","2008-2010","%","9.4","E","Estimated value",""
"FS","Suite of Food Security Indicators","360","Indonesia","6121","Value","21035","Cereal import dependency ratio (percent) (3-year average)","20092011","2009-2011","%","11.3","E","Estimated value",""
"FS","Suite of Food Security Indicators","360","Indonesia","6121","Value","21035","Cereal import dependency ratio (percent) (3-year average)","20102012","2010-2012","%","12.2","E","Estimated value",""
"FS","Suite of Food Security Indicators","360","Indonesia","6121","Value","21035","Cereal import dependency ratio (percent) (3-year average)","20112013","2011-2013","%","12.9","E","Estimated value",""
"FS","Suite of Food Security Indicators","360","Indonesia","6121","Value","21035","Cereal import dependency ratio (percent) (3-year average)","20122014","2012-2014","%","12.6","E","Estimated value",""
"FS","Suite of Food Security Indicators","360","Indonesia","6121","Value","21035","Cereal import dependency ratio (percent) (3-year average)","20132015","2013-2015","%","13.1","E","Estimated value",""
"FS","Suite of Food Security Indicators","360","Indonesia","6121","Value","21035","Cereal import dependency ratio (percent) (3-year average)","20142016","2014-2016","%","14.2","E","Estimated value",""
"FS","Suite of Food Security Indicators","360","Indonesia","6121","Value","21035","Cereal import dependency ratio (percent) (3-year average)","20152017","2015-2017","%","13.6","E","Estimated value",""
"FS","Suite of Food Security Indicators","360","Indonesia","6121","Value","21035","Cereal import dependency ratio (percent) (3-year average)","20162018","2016-2018","%","13.7","E","Estimated value",""
"FS","Suite of Food Security Indicators","360","Indonesia","6121","Value","21035","Cereal import dependency ratio (percent) (3-year average)","20172019","2017-2019","%","13.7","E","Estimated value",""
"FS","Suite of Food Security Indicators","360","Indonesia","6121","Value","21035","Cereal import dependency ratio (percent) (3-year average)","20182020","2018-2020","%","14","E","Estimated value",""
"FS","Suite of Food Security Indicators","360","Indonesia","6121","Value","21034","Percent of arable land equipped for irrigation (percent) (3-year average)","20002002","2000-2002","%","3.1","E","Estimated value",""
"FS","Suite of Food Security Indicators","360","Indonesia","6121","Value","21034","Percent of arable land equipped for irrigation (percent) (3-year average)","20012003","2001-2003","%","3.2","E","Estimated value",""
"FS","Suite of Food Security Indicators","360","Indonesia","6121","Value","21034","Percent of arable land equipped for irrigation (percent) (3-year average)","20022004","2002-2004","%","3.3","E","Estimated value",""
"FS","Suite of Food Security Indicators","360","Indonesia","6121","Value","21034","Percent of arable land equipped for irrigation (percent) (3-year average)","20032005","2003-2005","%","3.5","E","Estimated value",""
"FS","Suite of Food Security Indicators","360","Indonesia","6121","Value","21034","Percent of arable land equipped for irrigation (percent) (3-year average)","20042006","2004-2006","%","3.5","E","Estimated value",""
"FS","Suite of Food Security Indicators","360","Indonesia","6121","Value","21034","Percent of arable land equipped for irrigation (percent) (3-year average)","20052007","2005-2007","%","3.6","E","Estimated value",""
"FS","Suite of Food Security Indicators","360","Indonesia","6121","Value","21034","Percent of arable land equipped for irrigation (percent) (3-year average)","20062008","2006-2008","%","3.6","E","Estimated value",""
"FS","Suite of Food Security Indicators","360","Indonesia","6121","Value","21034","Percent of arable land equipped for irrigation (percent) (3-year average)","20072009","2007-2009","%","3.6","E","Estimated value",""
"FS","Suite of Food Security Indicators","360","Indonesia","6121","Value","21034","Percent of arable land equipped for irrigation (percent) (3-year average)","20082010","2008-2010","%","3.6","E","Estimated value",""
"FS","Suite of Food Security Indicators","360","Indonesia","6121","Value","21034","Percent of arable land equipped for irrigation (percent) (3-year average)","20092011","2009-2011","%","3.6","E","Estimated value",""
"FS","Suite of Food Security Indicators","360","Indonesia","6121","Value","21034","Percent of arable land equipped for irrigation (percent) (3-year average)","20102012","2010-2012","%","3.6","E","Estimated value",""
"FS","Suite of Food Security Indicators","360","Indonesia","6121","Value","21034","Percent of arable land equipped for irrigation (percent) (3-year average)","20112013","2011-2013","%","3.6","E","Estimated value",""
"FS","Suite of Food Security Indicators","360","Indonesia","6121","Value","21034","Percent of arable land equipped for irrigation (percent) (3-year average)","20122014","2012-2014","%","3.6","E","Estimated value",""
"FS","Suite of Food Security Indicators","360","Indonesia","6121","Value","21034","Percent of arable land equipped for irrigation (percent) (3-year average)","20132015","2013-2015","%","3.6","E","Estimated value",""
"FS","Suite of Food Security Indicators","360","Indonesia","6121","Value","21034","Percent of arable land equipped for irrigation (percent) (3-year average)","20142016","2014-2016","%","3.6","E","Estimated value",""
"FS","Suite of Food Security Indicators","360","Indonesia","6121","Value","21034","Percent of arable land equipped for irrigation (percent) (3-year average)","20152017","2015-2017","%","3.6","E","Estimated value",""
"FS","Suite of Food Security Indicators","360","Indonesia","6121","Value","21034","Percent of arable land equipped for irrigation (percent) (3-year average)","20162018","2016-2018","%","3.6","E","Estimated value",""
"FS","Suite of Food Security Indicators","360","Indonesia","6121","Value","21034","Percent of arable land equipped for irrigation (percent) (3-year average)","20172019","2017-2019","%","3.6","E","Estimated value",""
"FS","Suite of Food Security Indicators","360","Indonesia","6121","Value","21034","Percent of arable land equipped for irrigation (percent) (3-year average)","20182020","2018-2020","%","3.6","E","Estimated value",""
"FS","Suite of Food Security Indicators","360","Indonesia","6121","Value","21034","Percent of arable land equipped for irrigation (percent) (3-year average)","20192021","2019-2021","%","3.6","E","Estimated value",""
"FS","Suite of Food Security Indicators","360","Indonesia","6121","Value","21033","Value of food imports in total merchandise exports (percent) (3-year average)","20002002","2000-2002","%","4","E","Estimated value",""
"FS","Suite of Food Security Indicators","360","Indonesia","6121","Value","21033","Value of food imports in total merchandise exports (percent) (3-year average)","20012003","2001-2003","%","4","E","Estimated value",""
"FS","Suite of Food Security Indicators","360","Indonesia","6121","Value","21033","Value of food imports in total merchandise exports (percent) (3-year average)","20022004","2002-2004","%","5","E","Estimated value",""
"FS","Suite of Food Security Indicators","360","Indonesia","6121","Value","21033","Value of food imports in total merchandise exports (percent) (3-year average)","20032005","2003-2005","%","5","E","Estimated value",""
"FS","Suite of Food Security Indicators","360","Indonesia","6121","Value","21033","Value of food imports in total merchandise exports (percent) (3-year average)","20042006","2004-2006","%","4","E","Estimated value",""
"FS","Suite of Food Security Indicators","360","Indonesia","6121","Value","21033","Value of food imports in total merchandise exports (percent) (3-year average)","20052007","2005-2007","%","5","E","Estimated value",""
"FS","Suite of Food Security Indicators","360","Indonesia","6121","Value","21033","Value of food imports in total merchandise exports (percent) (3-year average)","20062008","2006-2008","%","5","E","Estimated value",""
"FS","Suite of Food Security Indicators","360","Indonesia","6121","Value","21033","Value of food imports in total merchandise exports (percent) (3-year average)","20072009","2007-2009","%","5","E","Estimated value",""
"FS","Suite of Food Security Indicators","360","Indonesia","6121","Value","21033","Value of food imports in total merchandise exports (percent) (3-year average)","20082010","2008-2010","%","5","E","Estimated value",""
"FS","Suite of Food Security Indicators","360","Indonesia","6121","Value","21033","Value of food imports in total merchandise exports (percent) (3-year average)","20092011","2009-2011","%","6","E","Estimated value",""
"FS","Suite of Food Security Indicators","360","Indonesia","6121","Value","21033","Value of food imports in total merchandise exports (percent) (3-year average)","20102012","2010-2012","%","6","E","Estimated value",""
"FS","Suite of Food Security Indicators","360","Indonesia","6121","Value","21033","Value of food imports in total merchandise exports (percent) (3-year average)","20112013","2011-2013","%","7","E","Estimated value",""
"FS","Suite of Food Security Indicators","360","Indonesia","6121","Value","21033","Value of food imports in total merchandise exports (percent) (3-year average)","20122014","2012-2014","%","7","E","Estimated value",""
"FS","Suite of Food Security Indicators","360","Indonesia","6121","Value","21033","Value of food imports in total merchandise exports (percent) (3-year average)","20132015","2013-2015","%","7","E","Estimated value",""
"FS","Suite of Food Security Indicators","360","Indonesia","6121","Value","21033","Value of food imports in total merchandise exports (percent) (3-year average)","20142016","2014-2016","%","8","E","Estimated value",""
"FS","Suite of Food Security Indicators","360","Indonesia","6121","Value","21033","Value of food imports in total merchandise exports (percent) (3-year average)","20152017","2015-2017","%","8","E","Estimated value",""
"FS","Suite of Food Security Indicators","360","Indonesia","6121","Value","21033","Value of food imports in total merchandise exports (percent) (3-year average)","20162018","2016-2018","%","9","E","Estimated value",""
"FS","Suite of Food Security Indicators","360","Indonesia","6121","Value","21033","Value of food imports in total merchandise exports (percent) (3-year average)","20172019","2017-2019","%","9","E","Estimated value",""
"FS","Suite of Food Security Indicators","360","Indonesia","6121","Value","21033","Value of food imports in total merchandise exports (percent) (3-year average)","20182020","2018-2020","%","8","E","Estimated value",""
"FS","Suite of Food Security Indicators","360","Indonesia","6121","Value","21033","Value of food imports in total merchandise exports (percent) (3-year average)","20192021","2019-2021","%","8","E","Estimated value",""
"FS","Suite of Food Security Indicators","360","Indonesia","6125","Value","21032","Political stability and absence of violence/terrorism (index)","2000","2000","","-2","X","Figure from international organizations",""
"FS","Suite of Food Security Indicators","360","Indonesia","6125","Value","21032","Political stability and absence of violence/terrorism (index)","2002","2002","","-1.58","X","Figure from international organizations",""
"FS","Suite of Food Security Indicators","360","Indonesia","6125","Value","21032","Political stability and absence of violence/terrorism (index)","2003","2003","","-2.1","X","Figure from international organizations",""
"FS","Suite of Food Security Indicators","360","Indonesia","6125","Value","21032","Political stability and absence of violence/terrorism (index)","2004","2004","","-1.91","X","Figure from international organizations",""
"FS","Suite of Food Security Indicators","360","Indonesia","6125","Value","21032","Political stability and absence of violence/terrorism (index)","2005","2005","","-1.52","X","Figure from international organizations",""
"FS","Suite of Food Security Indicators","360","Indonesia","6125","Value","21032","Political stability and absence of violence/terrorism (index)","2006","2006","","-1.42","X","Figure from international organizations",""
"FS","Suite of Food Security Indicators","360","Indonesia","6125","Value","21032","Political stability and absence of violence/terrorism (index)","2007","2007","","-1.2","X","Figure from international organizations",""
"FS","Suite of Food Security Indicators","360","Indonesia","6125","Value","21032","Political stability and absence of violence/terrorism (index)","2008","2008","","-1.06","X","Figure from international organizations",""
"FS","Suite of Food Security Indicators","360","Indonesia","6125","Value","21032","Political stability and absence of violence/terrorism (index)","2009","2009","","-0.75","X","Figure from international organizations",""
"FS","Suite of Food Security Indicators","360","Indonesia","6125","Value","21032","Political stability and absence of violence/terrorism (index)","2010","2010","","-0.85","X","Figure from international organizations",""
"FS","Suite of Food Security Indicators","360","Indonesia","6125","Value","21032","Political stability and absence of violence/terrorism (index)","2011","2011","","-0.77","X","Figure from international organizations",""
"FS","Suite of Food Security Indicators","360","Indonesia","6125","Value","21032","Political stability and absence of violence/terrorism (index)","2012","2012","","-0.59","X","Figure from international organizations",""
"FS","Suite of Food Security Indicators","360","Indonesia","6125","Value","21032","Political stability and absence of violence/terrorism (index)","2013","2013","","-0.52","X","Figure from international organizations",""
"FS","Suite of Food Security Indicators","360","Indonesia","6125","Value","21032","Political stability and absence of violence/terrorism (index)","2014","2014","","-0.42","X","Figure from international organizations",""
"FS","Suite of Food Security Indicators","360","Indonesia","6125","Value","21032","Political stability and absence of violence/terrorism (index)","2015","2015","","-0.62","X","Figure from international organizations",""
"FS","Suite of Food Security Indicators","360","Indonesia","6125","Value","21032","Political stability and absence of violence/terrorism (index)","2016","2016","","-0.37","X","Figure from international organizations",""
"FS","Suite of Food Security Indicators","360","Indonesia","6125","Value","21032","Political stability and absence of violence/terrorism (index)","2017","2017","","-0.5","X","Figure from international organizations",""
"FS","Suite of Food Security Indicators","360","Indonesia","6125","Value","21032","Political stability and absence of violence/terrorism (index)","2018","2018","","-0.55","X","Figure from international organizations",""
"FS","Suite of Food Security Indicators","360","Indonesia","6125","Value","21032","Political stability and absence of violence/terrorism (index)","2019","2019","","-0.49","X","Figure from international organizations",""
"FS","Suite of Food Security Indicators","360","Indonesia","6125","Value","21032","Political stability and absence of violence/terrorism (index)","2020","2020","","-0.45","X","Figure from international organizations",""
"FS","Suite of Food Security Indicators","360","Indonesia","6125","Value","21032","Political stability and absence of violence/terrorism (index)","2021","2021","","-0.51","X","Figure from international organizations",""
"FS","Suite of Food Security Indicators","360","Indonesia","6127","Value","21030","Per capita food production variability (constant 2014-2016 thousand int$ per capita)","2001","2001","1000 Int$/cap","10.4","E","Estimated value",""
"FS","Suite of Food Security Indicators","360","Indonesia","6127","Value","21030","Per capita food production variability (constant 2014-2016 thousand int$ per capita)","2002","2002","1000 Int$/cap","4","E","Estimated value",""
"FS","Suite of Food Security Indicators","360","Indonesia","6127","Value","21030","Per capita food production variability (constant 2014-2016 thousand int$ per capita)","2003","2003","1000 Int$/cap","2.5","E","Estimated value",""
"FS","Suite of Food Security Indicators","360","Indonesia","6127","Value","21030","Per capita food production variability (constant 2014-2016 thousand int$ per capita)","2004","2004","1000 Int$/cap","5.6","E","Estimated value",""
"FS","Suite of Food Security Indicators","360","Indonesia","6127","Value","21030","Per capita food production variability (constant 2014-2016 thousand int$ per capita)","2005","2005","1000 Int$/cap","7.5","E","Estimated value",""
"FS","Suite of Food Security Indicators","360","Indonesia","6127","Value","21030","Per capita food production variability (constant 2014-2016 thousand int$ per capita)","2006","2006","1000 Int$/cap","7.1","E","Estimated value",""
"FS","Suite of Food Security Indicators","360","Indonesia","6127","Value","21030","Per capita food production variability (constant 2014-2016 thousand int$ per capita)","2007","2007","1000 Int$/cap","4.5","E","Estimated value",""
"FS","Suite of Food Security Indicators","360","Indonesia","6127","Value","21030","Per capita food production variability (constant 2014-2016 thousand int$ per capita)","2008","2008","1000 Int$/cap","2.7","E","Estimated value",""
"FS","Suite of Food Security Indicators","360","Indonesia","6127","Value","21030","Per capita food production variability (constant 2014-2016 thousand int$ per capita)","2009","2009","1000 Int$/cap","2.8","E","Estimated value",""
"FS","Suite of Food Security Indicators","360","Indonesia","6127","Value","21030","Per capita food production variability (constant 2014-2016 thousand int$ per capita)","2010","2010","1000 Int$/cap","3.4","E","Estimated value",""
"FS","Suite of Food Security Indicators","360","Indonesia","6127","Value","21030","Per capita food production variability (constant 2014-2016 thousand int$ per capita)","2011","2011","1000 Int$/cap","3.9","E","Estimated value",""
"FS","Suite of Food Security Indicators","360","Indonesia","6127","Value","21030","Per capita food production variability (constant 2014-2016 thousand int$ per capita)","2012","2012","1000 Int$/cap","5","E","Estimated value",""
"FS","Suite of Food Security Indicators","360","Indonesia","6127","Value","21030","Per capita food production variability (constant 2014-2016 thousand int$ per capita)","2013","2013","1000 Int$/cap","4.9","E","Estimated value",""
"FS","Suite of Food Security Indicators","360","Indonesia","6127","Value","21030","Per capita food production variability (constant 2014-2016 thousand int$ per capita)","2014","2014","1000 Int$/cap","5.4","E","Estimated value",""
"FS","Suite of Food Security Indicators","360","Indonesia","6127","Value","21030","Per capita food production variability (constant 2014-2016 thousand int$ per capita)","2015","2015","1000 Int$/cap","5.4","E","Estimated value",""
"FS","Suite of Food Security Indicators","360","Indonesia","6127","Value","21030","Per capita food production variability (constant 2014-2016 thousand int$ per capita)","2016","2016","1000 Int$/cap","5.6","E","Estimated value",""
"FS","Suite of Food Security Indicators","360","Indonesia","6127","Value","21030","Per capita food production variability (constant 2014-2016 thousand int$ per capita)","2017","2017","1000 Int$/cap","9.2","E","Estimated value",""
"FS","Suite of Food Security Indicators","360","Indonesia","6127","Value","21030","Per capita food production variability (constant 2014-2016 thousand int$ per capita)","2018","2018","1000 Int$/cap","8.7","E","Estimated value",""
"FS","Suite of Food Security Indicators","360","Indonesia","6127","Value","21030","Per capita food production variability (constant 2014-2016 thousand int$ per capita)","2019","2019","1000 Int$/cap","12.8","E","Estimated value",""
"FS","Suite of Food Security Indicators","360","Indonesia","6127","Value","21030","Per capita food production variability (constant 2014-2016 thousand int$ per capita)","2020","2020","1000 Int$/cap","12.5","E","Estimated value",""
"FS","Suite of Food Security Indicators","360","Indonesia","6128","Value","21031","Per capita food supply variability (kcal/cap/day)","2000","2000","kcal/cap/d","24","E","Estimated value",""
"FS","Suite of Food Security Indicators","360","Indonesia","6128","Value","21031","Per capita food supply variability (kcal/cap/day)","2001","2001","kcal/cap/d","9","E","Estimated value",""
"FS","Suite of Food Security Indicators","360","Indonesia","6128","Value","21031","Per capita food supply variability (kcal/cap/day)","2002","2002","kcal/cap/d","12","E","Estimated value",""
"FS","Suite of Food Security Indicators","360","Indonesia","6128","Value","21031","Per capita food supply variability (kcal/cap/day)","2003","2003","kcal/cap/d","12","E","Estimated value",""
"FS","Suite of Food Security Indicators","360","Indonesia","6128","Value","21031","Per capita food supply variability (kcal/cap/day)","2004","2004","kcal/cap/d","13","E","Estimated value",""
"FS","Suite of Food Security Indicators","360","Indonesia","6128","Value","21031","Per capita food supply variability (kcal/cap/day)","2005","2005","kcal/cap/d","12","E","Estimated value",""
"FS","Suite of Food Security Indicators","360","Indonesia","6128","Value","21031","Per capita food supply variability (kcal/cap/day)","2006","2006","kcal/cap/d","16","E","Estimated value",""
"FS","Suite of Food Security Indicators","360","Indonesia","6128","Value","21031","Per capita food supply variability (kcal/cap/day)","2007","2007","kcal/cap/d","20","E","Estimated value",""
"FS","Suite of Food Security Indicators","360","Indonesia","6128","Value","21031","Per capita food supply variability (kcal/cap/day)","2008","2008","kcal/cap/d","20","E","Estimated value",""
"FS","Suite of Food Security Indicators","360","Indonesia","6128","Value","21031","Per capita food supply variability (kcal/cap/day)","2009","2009","kcal/cap/d","14","E","Estimated value",""
"FS","Suite of Food Security Indicators","360","Indonesia","6128","Value","21031","Per capita food supply variability (kcal/cap/day)","2010","2010","kcal/cap/d","9","E","Estimated value",""
"FS","Suite of Food Security Indicators","360","Indonesia","6128","Value","21031","Per capita food supply variability (kcal/cap/day)","2011","2011","kcal/cap/d","12","E","Estimated value",""
"FS","Suite of Food Security Indicators","360","Indonesia","6128","Value","21031","Per capita food supply variability (kcal/cap/day)","2012","2012","kcal/cap/d","12","E","Estimated value",""
"FS","Suite of Food Security Indicators","360","Indonesia","6128","Value","21031","Per capita food supply variability (kcal/cap/day)","2013","2013","kcal/cap/d","12","E","Estimated value",""
"FS","Suite of Food Security Indicators","360","Indonesia","6128","Value","21031","Per capita food supply variability (kcal/cap/day)","2014","2014","kcal/cap/d","12","E","Estimated value",""
"FS","Suite of Food Security Indicators","360","Indonesia","6128","Value","21031","Per capita food supply variability (kcal/cap/day)","2015","2015","kcal/cap/d","23","E","Estimated value",""
"FS","Suite of Food Security Indicators","360","Indonesia","6128","Value","21031","Per capita food supply variability (kcal/cap/day)","2016","2016","kcal/cap/d","22","E","Estimated value",""
"FS","Suite of Food Security Indicators","360","Indonesia","6128","Value","21031","Per capita food supply variability (kcal/cap/day)","2017","2017","kcal/cap/d","27","E","Estimated value",""
"FS","Suite of Food Security Indicators","360","Indonesia","6128","Value","21031","Per capita food supply variability (kcal/cap/day)","2018","2018","kcal/cap/d","41","E","Estimated value",""
"FS","Suite of Food Security Indicators","360","Indonesia","6128","Value","21031","Per capita food supply variability (kcal/cap/day)","2019","2019","kcal/cap/d","38","E","Estimated value",""
"FS","Suite of Food Security Indicators","360","Indonesia","6128","Value","21031","Per capita food supply variability (kcal/cap/day)","2020","2020","kcal/cap/d","42","E","Estimated value",""
"FS","Suite of Food Security Indicators","360","Indonesia","6128","Value","21031","Per capita food supply variability (kcal/cap/day)","2021","2021","kcal/cap/d","39","E","Estimated value",""
"FS","Suite of Food Security Indicators","360","Indonesia","6121","Value","21047","Percentage of population using at least basic drinking water services (percent)","2000","2000","%","75.3","X","Figure from international organizations",""
"FS","Suite of Food Security Indicators","360","Indonesia","6121","Value","21047","Percentage of population using at least basic drinking water services (percent)","2001","2001","%","76.3","X","Figure from international organizations",""
"FS","Suite of Food Security Indicators","360","Indonesia","6121","Value","21047","Percentage of population using at least basic drinking water services (percent)","2002","2002","%","77.2","X","Figure from international organizations",""
"FS","Suite of Food Security Indicators","360","Indonesia","6121","Value","21047","Percentage of population using at least basic drinking water services (percent)","2003","2003","%","78.2","X","Figure from international organizations",""
"FS","Suite of Food Security Indicators","360","Indonesia","6121","Value","21047","Percentage of population using at least basic drinking water services (percent)","2004","2004","%","79.1","X","Figure from international organizations",""
"FS","Suite of Food Security Indicators","360","Indonesia","6121","Value","21047","Percentage of population using at least basic drinking water services (percent)","2005","2005","%","80","X","Figure from international organizations",""
"FS","Suite of Food Security Indicators","360","Indonesia","6121","Value","21047","Percentage of population using at least basic drinking water services (percent)","2006","2006","%","80.9","X","Figure from international organizations",""
"FS","Suite of Food Security Indicators","360","Indonesia","6121","Value","21047","Percentage of population using at least basic drinking water services (percent)","2007","2007","%","81.8","X","Figure from international organizations",""
"FS","Suite of Food Security Indicators","360","Indonesia","6121","Value","21047","Percentage of population using at least basic drinking water services (percent)","2008","2008","%","82.7","X","Figure from international organizations",""
"FS","Suite of Food Security Indicators","360","Indonesia","6121","Value","21047","Percentage of population using at least basic drinking water services (percent)","2009","2009","%","83.6","X","Figure from international organizations",""
"FS","Suite of Food Security Indicators","360","Indonesia","6121","Value","21047","Percentage of population using at least basic drinking water services (percent)","2010","2010","%","84.4","X","Figure from international organizations",""
"FS","Suite of Food Security Indicators","360","Indonesia","6121","Value","21047","Percentage of population using at least basic drinking water services (percent)","2011","2011","%","85.3","X","Figure from international organizations",""
"FS","Suite of Food Security Indicators","360","Indonesia","6121","Value","21047","Percentage of population using at least basic drinking water services (percent)","2012","2012","%","86.1","X","Figure from international organizations",""
"FS","Suite of Food Security Indicators","360","Indonesia","6121","Value","21047","Percentage of population using at least basic drinking water services (percent)","2013","2013","%","86.9","X","Figure from international organizations",""
"FS","Suite of Food Security Indicators","360","Indonesia","6121","Value","21047","Percentage of population using at least basic drinking water services (percent)","2014","2014","%","87.7","X","Figure from international organizations",""
"FS","Suite of Food Security Indicators","360","Indonesia","6121","Value","21047","Percentage of population using at least basic drinking water services (percent)","2015","2015","%","88.5","X","Figure from international organizations",""
"FS","Suite of Food Security Indicators","360","Indonesia","6121","Value","21047","Percentage of population using at least basic drinking water services (percent)","2016","2016","%","89.3","X","Figure from international organizations",""
"FS","Suite of Food Security Indicators","360","Indonesia","6121","Value","21047","Percentage of population using at least basic drinking water services (percent)","2017","2017","%","90.1","X","Figure from international organizations",""
"FS","Suite of Food Security Indicators","360","Indonesia","6121","Value","21047","Percentage of population using at least basic drinking water services (percent)","2018","2018","%","90.9","X","Figure from international organizations",""
"FS","Suite of Food Security Indicators","360","Indonesia","6121","Value","21047","Percentage of population using at least basic drinking water services (percent)","2019","2019","%","91.6","X","Figure from international organizations",""
"FS","Suite of Food Security Indicators","360","Indonesia","6121","Value","21047","Percentage of population using at least basic drinking water services (percent)","2020","2020","%","92.4","X","Figure from international organizations",""
"FS","Suite of Food Security Indicators","360","Indonesia","6121","Value","21048","Percentage of population using at least basic sanitation services (percent)","2000","2000","%","38","X","Figure from international organizations",""
"FS","Suite of Food Security Indicators","360","Indonesia","6121","Value","21048","Percentage of population using at least basic sanitation services (percent)","2001","2001","%","40.2","X","Figure from international organizations",""
"FS","Suite of Food Security Indicators","360","Indonesia","6121","Value","21048","Percentage of population using at least basic sanitation services (percent)","2002","2002","%","42.4","X","Figure from international organizations",""
"FS","Suite of Food Security Indicators","360","Indonesia","6121","Value","21048","Percentage of population using at least basic sanitation services (percent)","2003","2003","%","44.7","X","Figure from international organizations",""
"FS","Suite of Food Security Indicators","360","Indonesia","6121","Value","21048","Percentage of population using at least basic sanitation services (percent)","2004","2004","%","47","X","Figure from international organizations",""
"FS","Suite of Food Security Indicators","360","Indonesia","6121","Value","21048","Percentage of population using at least basic sanitation services (percent)","2005","2005","%","49.3","X","Figure from international organizations",""
"FS","Suite of Food Security Indicators","360","Indonesia","6121","Value","21048","Percentage of population using at least basic sanitation services (percent)","2006","2006","%","51.6","X","Figure from international organizations",""
"FS","Suite of Food Security Indicators","360","Indonesia","6121","Value","21048","Percentage of population using at least basic sanitation services (percent)","2007","2007","%","54","X","Figure from international organizations",""
"FS","Suite of Food Security Indicators","360","Indonesia","6121","Value","21048","Percentage of population using at least basic sanitation services (percent)","2008","2008","%","56.4","X","Figure from international organizations",""
"FS","Suite of Food Security Indicators","360","Indonesia","6121","Value","21048","Percentage of population using at least basic sanitation services (percent)","2009","2009","%","58.8","X","Figure from international organizations",""
"FS","Suite of Food Security Indicators","360","Indonesia","6121","Value","21048","Percentage of population using at least basic sanitation services (percent)","2010","2010","%","61.2","X","Figure from international organizations",""
"FS","Suite of Food Security Indicators","360","Indonesia","6121","Value","21048","Percentage of population using at least basic sanitation services (percent)","2011","2011","%","63.7","X","Figure from international organizations",""
"FS","Suite of Food Security Indicators","360","Indonesia","6121","Value","21048","Percentage of population using at least basic sanitation services (percent)","2012","2012","%","66.1","X","Figure from international organizations",""
"FS","Suite of Food Security Indicators","360","Indonesia","6121","Value","21048","Percentage of population using at least basic sanitation services (percent)","2013","2013","%","68.6","X","Figure from international organizations",""
"FS","Suite of Food Security Indicators","360","Indonesia","6121","Value","21048","Percentage of population using at least basic sanitation services (percent)","2014","2014","%","71.1","X","Figure from international organizations",""
"FS","Suite of Food Security Indicators","360","Indonesia","6121","Value","21048","Percentage of population using at least basic sanitation services (percent)","2015","2015","%","73.6","X","Figure from international organizations",""
"FS","Suite of Food Security Indicators","360","Indonesia","6121","Value","21048","Percentage of population using at least basic sanitation services (percent)","2016","2016","%","76.1","X","Figure from international organizations",""
"FS","Suite of Food Security Indicators","360","Indonesia","6121","Value","21048","Percentage of population using at least basic sanitation services (percent)","2017","2017","%","78.7","X","Figure from international organizations",""
"FS","Suite of Food Security Indicators","360","Indonesia","6121","Value","21048","Percentage of population using at least basic sanitation services (percent)","2018","2018","%","81.3","X","Figure from international organizations",""
"FS","Suite of Food Security Indicators","360","Indonesia","6121","Value","21048","Percentage of population using at least basic sanitation services (percent)","2019","2019","%","83.9","X","Figure from international organizations",""
"FS","Suite of Food Security Indicators","360","Indonesia","6121","Value","21048","Percentage of population using at least basic sanitation services (percent)","2020","2020","%","86.5","X","Figure from international organizations",""
"FS","Suite of Food Security Indicators","360","Indonesia","6121","Value","21026","Percentage of children under 5 years affected by wasting (percent)","2000","2000","%","5.5","X","Figure from international organizations",""
"FS","Suite of Food Security Indicators","360","Indonesia","6121","Value","21026","Percentage of children under 5 years affected by wasting (percent)","2001","2001","%","5.4","X","Figure from international organizations",""
"FS","Suite of Food Security Indicators","360","Indonesia","6121","Value","21026","Percentage of children under 5 years affected by wasting (percent)","2004","2004","%","14.4","X","Figure from international organizations",""
"FS","Suite of Food Security Indicators","360","Indonesia","6121","Value","21026","Percentage of children under 5 years affected by wasting (percent)","2007","2007","%","14.8","X","Figure from international organizations",""
"FS","Suite of Food Security Indicators","360","Indonesia","6121","Value","21026","Percentage of children under 5 years affected by wasting (percent)","2010","2010","%","12.3","X","Figure from international organizations",""
"FS","Suite of Food Security Indicators","360","Indonesia","6121","Value","21026","Percentage of children under 5 years affected by wasting (percent)","2013","2013","%","13.5","X","Figure from international organizations",""
"FS","Suite of Food Security Indicators","360","Indonesia","6121","Value","21026","Percentage of children under 5 years affected by wasting (percent)","2018","2018","%","10.2","X","Figure from international organizations",""
"FS","Suite of Food Security Indicators","360","Indonesia","6121","Value","21026","Percentage of children under 5 years affected by wasting (percent)","2022","2022","%","10.2","X","Figure from international organizations",""
"FS","Suite of Food Security Indicators","360","Indonesia","6132","Value","210260","Number of children under 5 years affected by wasting (million)","2000","2000","million No","1.2","X","Figure from international organizations",""
"FS","Suite of Food Security Indicators","360","Indonesia","6132","Value","210260","Number of children under 5 years affected by wasting (million)","2001","2001","million No","1.2","X","Figure from international organizations",""
"FS","Suite of Food Security Indicators","360","Indonesia","6132","Value","210260","Number of children under 5 years affected by wasting (million)","2004","2004","million No","3.2","X","Figure from international organizations",""
"FS","Suite of Food Security Indicators","360","Indonesia","6132","Value","210260","Number of children under 5 years affected by wasting (million)","2007","2007","million No","3.4","X","Figure from international organizations",""
"FS","Suite of Food Security Indicators","360","Indonesia","6132","Value","210260","Number of children under 5 years affected by wasting (million)","2010","2010","million No","2.9","X","Figure from international organizations",""
"FS","Suite of Food Security Indicators","360","Indonesia","6132","Value","210260","Number of children under 5 years affected by wasting (million)","2013","2013","million No","3.3","X","Figure from international organizations",""
"FS","Suite of Food Security Indicators","360","Indonesia","6132","Value","210260","Number of children under 5 years affected by wasting (million)","2018","2018","million No","2.4","X","Figure from international organizations",""
"FS","Suite of Food Security Indicators","360","Indonesia","6121","Value","21025","Percentage of children under 5 years of age who are stunted (modelled estimates) (percent)","2000","2000","%","40.4","X","Figure from international organizations",""
"FS","Suite of Food Security Indicators","360","Indonesia","6121","Value","21025","Percentage of children under 5 years of age who are stunted (modelled estimates) (percent)","2001","2001","%","39.8","X","Figure from international organizations",""
"FS","Suite of Food Security Indicators","360","Indonesia","6121","Value","21025","Percentage of children under 5 years of age who are stunted (modelled estimates) (percent)","2002","2002","%","39.2","X","Figure from international organizations",""
"FS","Suite of Food Security Indicators","360","Indonesia","6121","Value","21025","Percentage of children under 5 years of age who are stunted (modelled estimates) (percent)","2003","2003","%","38.8","X","Figure from international organizations",""
"FS","Suite of Food Security Indicators","360","Indonesia","6121","Value","21025","Percentage of children under 5 years of age who are stunted (modelled estimates) (percent)","2004","2004","%","38.4","X","Figure from international organizations",""
"FS","Suite of Food Security Indicators","360","Indonesia","6121","Value","21025","Percentage of children under 5 years of age who are stunted (modelled estimates) (percent)","2005","2005","%","38.1","X","Figure from international organizations",""
"FS","Suite of Food Security Indicators","360","Indonesia","6121","Value","21025","Percentage of children under 5 years of age who are stunted (modelled estimates) (percent)","2006","2006","%","37.9","X","Figure from international organizations",""
"FS","Suite of Food Security Indicators","360","Indonesia","6121","Value","21025","Percentage of children under 5 years of age who are stunted (modelled estimates) (percent)","2007","2007","%","37.5","X","Figure from international organizations",""
"FS","Suite of Food Security Indicators","360","Indonesia","6121","Value","21025","Percentage of children under 5 years of age who are stunted (modelled estimates) (percent)","2008","2008","%","37.1","X","Figure from international organizations",""
"FS","Suite of Food Security Indicators","360","Indonesia","6121","Value","21025","Percentage of children under 5 years of age who are stunted (modelled estimates) (percent)","2009","2009","%","36.6","X","Figure from international organizations",""
"FS","Suite of Food Security Indicators","360","Indonesia","6121","Value","21025","Percentage of children under 5 years of age who are stunted (modelled estimates) (percent)","2010","2010","%","35.9","X","Figure from international organizations",""
"FS","Suite of Food Security Indicators","360","Indonesia","6121","Value","21025","Percentage of children under 5 years of age who are stunted (modelled estimates) (percent)","2011","2011","%","35.2","X","Figure from international organizations",""
"FS","Suite of Food Security Indicators","360","Indonesia","6121","Value","21025","Percentage of children under 5 years of age who are stunted (modelled estimates) (percent)","2012","2012","%","34.6","X","Figure from international organizations",""
"FS","Suite of Food Security Indicators","360","Indonesia","6121","Value","21025","Percentage of children under 5 years of age who are stunted (modelled estimates) (percent)","2013","2013","%","34.1","X","Figure from international organizations",""
"FS","Suite of Food Security Indicators","360","Indonesia","6121","Value","21025","Percentage of children under 5 years of age who are stunted (modelled estimates) (percent)","2014","2014","%","33.6","X","Figure from international organizations",""
"FS","Suite of Food Security Indicators","360","Indonesia","6121","Value","21025","Percentage of children under 5 years of age who are stunted (modelled estimates) (percent)","2015","2015","%","33.3","X","Figure from international organizations",""
"FS","Suite of Food Security Indicators","360","Indonesia","6121","Value","21025","Percentage of children under 5 years of age who are stunted (modelled estimates) (percent)","2016","2016","%","33","X","Figure from international organizations",""
"FS","Suite of Food Security Indicators","360","Indonesia","6121","Value","21025","Percentage of children under 5 years of age who are stunted (modelled estimates) (percent)","2017","2017","%","32.7","X","Figure from international organizations",""
"FS","Suite of Food Security Indicators","360","Indonesia","6121","Value","21025","Percentage of children under 5 years of age who are stunted (modelled estimates) (percent)","2018","2018","%","32.5","X","Figure from international organizations",""
"FS","Suite of Food Security Indicators","360","Indonesia","6121","Value","21025","Percentage of children under 5 years of age who are stunted (modelled estimates) (percent)","2019","2019","%","32.2","X","Figure from international organizations",""
"FS","Suite of Food Security Indicators","360","Indonesia","6121","Value","21025","Percentage of children under 5 years of age who are stunted (modelled estimates) (percent)","2020","2020","%","31.9","X","Figure from international organizations",""
"FS","Suite of Food Security Indicators","360","Indonesia","6121","Value","21025","Percentage of children under 5 years of age who are stunted (modelled estimates) (percent)","2021","2021","%","31.4","X","Figure from international organizations",""
"FS","Suite of Food Security Indicators","360","Indonesia","6121","Value","21025","Percentage of children under 5 years of age who are stunted (modelled estimates) (percent)","2022","2022","%","31","X","Figure from international organizations",""
"FS","Suite of Food Security Indicators","360","Indonesia","6132","Value","210250","Number of children under 5 years of age who are stunted (modeled estimates) (million)","2000","2000","million No","9.1","X","Figure from international organizations",""
"FS","Suite of Food Security Indicators","360","Indonesia","6132","Value","210250","Number of children under 5 years of age who are stunted (modeled estimates) (million)","2001","2001","million No","9","X","Figure from international organizations",""
"FS","Suite of Food Security Indicators","360","Indonesia","6132","Value","210250","Number of children under 5 years of age who are stunted (modeled estimates) (million)","2002","2002","million No","8.8","X","Figure from international organizations",""
"FS","Suite of Food Security Indicators","360","Indonesia","6132","Value","210250","Number of children under 5 years of age who are stunted (modeled estimates) (million)","2003","2003","million No","8.7","X","Figure from international organizations",""
"FS","Suite of Food Security Indicators","360","Indonesia","6132","Value","210250","Number of children under 5 years of age who are stunted (modeled estimates) (million)","2004","2004","million No","8.6","X","Figure from international organizations",""
"FS","Suite of Food Security Indicators","360","Indonesia","6132","Value","210250","Number of children under 5 years of age who are stunted (modeled estimates) (million)","2005","2005","million No","8.5","X","Figure from international organizations",""
"FS","Suite of Food Security Indicators","360","Indonesia","6132","Value","210250","Number of children under 5 years of age who are stunted (modeled estimates) (million)","2006","2006","million No","8.5","X","Figure from international organizations",""
"FS","Suite of Food Security Indicators","360","Indonesia","6132","Value","210250","Number of children under 5 years of age who are stunted (modeled estimates) (million)","2007","2007","million No","8.6","X","Figure from international organizations",""
"FS","Suite of Food Security Indicators","360","Indonesia","6132","Value","210250","Number of children under 5 years of age who are stunted (modeled estimates) (million)","2008","2008","million No","8.6","X","Figure from international organizations",""
"FS","Suite of Food Security Indicators","360","Indonesia","6132","Value","210250","Number of children under 5 years of age who are stunted (modeled estimates) (million)","2009","2009","million No","8.5","X","Figure from international organizations",""
"FS","Suite of Food Security Indicators","360","Indonesia","6132","Value","210250","Number of children under 5 years of age who are stunted (modeled estimates) (million)","2010","2010","million No","8.5","X","Figure from international organizations",""
"FS","Suite of Food Security Indicators","360","Indonesia","6132","Value","210250","Number of children under 5 years of age who are stunted (modeled estimates) (million)","2011","2011","million No","8.4","X","Figure from international organizations",""
"FS","Suite of Food Security Indicators","360","Indonesia","6132","Value","210250","Number of children under 5 years of age who are stunted (modeled estimates) (million)","2012","2012","million No","8.3","X","Figure from international organizations",""
"FS","Suite of Food Security Indicators","360","Indonesia","6132","Value","210250","Number of children under 5 years of age who are stunted (modeled estimates) (million)","2013","2013","million No","8.2","X","Figure from international organizations",""
"FS","Suite of Food Security Indicators","360","Indonesia","6132","Value","210250","Number of children under 5 years of age who are stunted (modeled estimates) (million)","2014","2014","million No","8.1","X","Figure from international organizations",""
"FS","Suite of Food Security Indicators","360","Indonesia","6132","Value","210250","Number of children under 5 years of age who are stunted (modeled estimates) (million)","2015","2015","million No","8","X","Figure from international organizations",""
"FS","Suite of Food Security Indicators","360","Indonesia","6132","Value","210250","Number of children under 5 years of age who are stunted (modeled estimates) (million)","2016","2016","million No","7.9","X","Figure from international organizations",""
"FS","Suite of Food Security Indicators","360","Indonesia","6132","Value","210250","Number of children under 5 years of age who are stunted (modeled estimates) (million)","2017","2017","million No","7.7","X","Figure from international organizations",""
"FS","Suite of Food Security Indicators","360","Indonesia","6132","Value","210250","Number of children under 5 years of age who are stunted (modeled estimates) (million)","2018","2018","million No","7.5","X","Figure from international organizations",""
"FS","Suite of Food Security Indicators","360","Indonesia","6132","Value","210250","Number of children under 5 years of age who are stunted (modeled estimates) (million)","2019","2019","million No","7.4","X","Figure from international organizations",""
"FS","Suite of Food Security Indicators","360","Indonesia","6132","Value","210250","Number of children under 5 years of age who are stunted (modeled estimates) (million)","2020","2020","million No","7.2","X","Figure from international organizations",""
"FS","Suite of Food Security Indicators","360","Indonesia","6132","Value","210250","Number of children under 5 years of age who are stunted (modeled estimates) (million)","2021","2021","million No","7","X","Figure from international organizations",""
"FS","Suite of Food Security Indicators","360","Indonesia","6132","Value","210250","Number of children under 5 years of age who are stunted (modeled estimates) (million)","2022","2022","million No","6.9","X","Figure from international organizations",""
"FS","Suite of Food Security Indicators","360","Indonesia","6121","Value","21041","Percentage of children under 5 years of age who are overweight (modelled estimates) (percent)","2000","2000","%","3.1","X","Figure from international organizations",""
"FS","Suite of Food Security Indicators","360","Indonesia","6121","Value","21041","Percentage of children under 5 years of age who are overweight (modelled estimates) (percent)","2001","2001","%","3.4","X","Figure from international organizations",""
"FS","Suite of Food Security Indicators","360","Indonesia","6121","Value","21041","Percentage of children under 5 years of age who are overweight (modelled estimates) (percent)","2002","2002","%","3.7","X","Figure from international organizations",""
"FS","Suite of Food Security Indicators","360","Indonesia","6121","Value","21041","Percentage of children under 5 years of age who are overweight (modelled estimates) (percent)","2003","2003","%","4.1","X","Figure from international organizations",""
"FS","Suite of Food Security Indicators","360","Indonesia","6121","Value","21041","Percentage of children under 5 years of age who are overweight (modelled estimates) (percent)","2004","2004","%","4.5","X","Figure from international organizations",""
"FS","Suite of Food Security Indicators","360","Indonesia","6121","Value","21041","Percentage of children under 5 years of age who are overweight (modelled estimates) (percent)","2005","2005","%","5","X","Figure from international organizations",""
"FS","Suite of Food Security Indicators","360","Indonesia","6121","Value","21041","Percentage of children under 5 years of age who are overweight (modelled estimates) (percent)","2006","2006","%","5.5","X","Figure from international organizations",""
"FS","Suite of Food Security Indicators","360","Indonesia","6121","Value","21041","Percentage of children under 5 years of age who are overweight (modelled estimates) (percent)","2007","2007","%","6","X","Figure from international organizations",""
"FS","Suite of Food Security Indicators","360","Indonesia","6121","Value","21041","Percentage of children under 5 years of age who are overweight (modelled estimates) (percent)","2008","2008","%","6.6","X","Figure from international organizations",""
"FS","Suite of Food Security Indicators","360","Indonesia","6121","Value","21041","Percentage of children under 5 years of age who are overweight (modelled estimates) (percent)","2009","2009","%","7.2","X","Figure from international organizations",""
"FS","Suite of Food Security Indicators","360","Indonesia","6121","Value","21041","Percentage of children under 5 years of age who are overweight (modelled estimates) (percent)","2010","2010","%","7.9","X","Figure from international organizations",""
"FS","Suite of Food Security Indicators","360","Indonesia","6121","Value","21041","Percentage of children under 5 years of age who are overweight (modelled estimates) (percent)","2011","2011","%","8.6","X","Figure from international organizations",""
"FS","Suite of Food Security Indicators","360","Indonesia","6121","Value","21041","Percentage of children under 5 years of age who are overweight (modelled estimates) (percent)","2012","2012","%","9.2","X","Figure from international organizations",""
"FS","Suite of Food Security Indicators","360","Indonesia","6121","Value","21041","Percentage of children under 5 years of age who are overweight (modelled estimates) (percent)","2013","2013","%","9.9","X","Figure from international organizations",""
"FS","Suite of Food Security Indicators","360","Indonesia","6121","Value","21041","Percentage of children under 5 years of age who are overweight (modelled estimates) (percent)","2014","2014","%","10.5","X","Figure from international organizations",""
"FS","Suite of Food Security Indicators","360","Indonesia","6121","Value","21041","Percentage of children under 5 years of age who are overweight (modelled estimates) (percent)","2015","2015","%","11.1","X","Figure from international organizations",""
"FS","Suite of Food Security Indicators","360","Indonesia","6121","Value","21041","Percentage of children under 5 years of age who are overweight (modelled estimates) (percent)","2016","2016","%","11.5","X","Figure from international organizations",""
"FS","Suite of Food Security Indicators","360","Indonesia","6121","Value","21041","Percentage of children under 5 years of age who are overweight (modelled estimates) (percent)","2017","2017","%","11.8","X","Figure from international organizations",""
"FS","Suite of Food Security Indicators","360","Indonesia","6121","Value","21041","Percentage of children under 5 years of age who are overweight (modelled estimates) (percent)","2018","2018","%","11.9","X","Figure from international organizations",""
"FS","Suite of Food Security Indicators","360","Indonesia","6121","Value","21041","Percentage of children under 5 years of age who are overweight (modelled estimates) (percent)","2019","2019","%","11.8","X","Figure from international organizations",""
"FS","Suite of Food Security Indicators","360","Indonesia","6121","Value","21041","Percentage of children under 5 years of age who are overweight (modelled estimates) (percent)","2020","2020","%","11.6","X","Figure from international organizations",""
"FS","Suite of Food Security Indicators","360","Indonesia","6121","Value","21041","Percentage of children under 5 years of age who are overweight (modelled estimates) (percent)","2021","2021","%","11.2","X","Figure from international organizations",""
"FS","Suite of Food Security Indicators","360","Indonesia","6121","Value","21041","Percentage of children under 5 years of age who are overweight (modelled estimates) (percent)","2022","2022","%","10.6","X","Figure from international organizations",""
"FS","Suite of Food Security Indicators","360","Indonesia","6132","Value","210410","Number of children under 5 years of age who are overweight (modeled estimates) (million)","2000","2000","million No","0.7","X","Figure from international organizations",""
"FS","Suite of Food Security Indicators","360","Indonesia","6132","Value","210410","Number of children under 5 years of age who are overweight (modeled estimates) (million)","2001","2001","million No","0.8","X","Figure from international organizations",""
"FS","Suite of Food Security Indicators","360","Indonesia","6132","Value","210410","Number of children under 5 years of age who are overweight (modeled estimates) (million)","2002","2002","million No","0.8","X","Figure from international organizations",""
"FS","Suite of Food Security Indicators","360","Indonesia","6132","Value","210410","Number of children under 5 years of age who are overweight (modeled estimates) (million)","2003","2003","million No","0.9","X","Figure from international organizations",""
"FS","Suite of Food Security Indicators","360","Indonesia","6132","Value","210410","Number of children under 5 years of age who are overweight (modeled estimates) (million)","2004","2004","million No","1","X","Figure from international organizations",""
"FS","Suite of Food Security Indicators","360","Indonesia","6132","Value","210410","Number of children under 5 years of age who are overweight (modeled estimates) (million)","2005","2005","million No","1.1","X","Figure from international organizations",""
"FS","Suite of Food Security Indicators","360","Indonesia","6132","Value","210410","Number of children under 5 years of age who are overweight (modeled estimates) (million)","2006","2006","million No","1.2","X","Figure from international organizations",""
"FS","Suite of Food Security Indicators","360","Indonesia","6132","Value","210410","Number of children under 5 years of age who are overweight (modeled estimates) (million)","2007","2007","million No","1.4","X","Figure from international organizations",""
"FS","Suite of Food Security Indicators","360","Indonesia","6132","Value","210410","Number of children under 5 years of age who are overweight (modeled estimates) (million)","2008","2008","million No","1.5","X","Figure from international organizations",""
"FS","Suite of Food Security Indicators","360","Indonesia","6132","Value","210410","Number of children under 5 years of age who are overweight (modeled estimates) (million)","2009","2009","million No","1.7","X","Figure from international organizations",""
"FS","Suite of Food Security Indicators","360","Indonesia","6132","Value","210410","Number of children under 5 years of age who are overweight (modeled estimates) (million)","2010","2010","million No","1.9","X","Figure from international organizations",""
"FS","Suite of Food Security Indicators","360","Indonesia","6132","Value","210410","Number of children under 5 years of age who are overweight (modeled estimates) (million)","2011","2011","million No","2","X","Figure from international organizations",""
"FS","Suite of Food Security Indicators","360","Indonesia","6132","Value","210410","Number of children under 5 years of age who are overweight (modeled estimates) (million)","2012","2012","million No","2.2","X","Figure from international organizations",""
"FS","Suite of Food Security Indicators","360","Indonesia","6132","Value","210410","Number of children under 5 years of age who are overweight (modeled estimates) (million)","2013","2013","million No","2.4","X","Figure from international organizations",""
"FS","Suite of Food Security Indicators","360","Indonesia","6132","Value","210410","Number of children under 5 years of age who are overweight (modeled estimates) (million)","2014","2014","million No","2.5","X","Figure from international organizations",""
"FS","Suite of Food Security Indicators","360","Indonesia","6132","Value","210410","Number of children under 5 years of age who are overweight (modeled estimates) (million)","2015","2015","million No","2.7","X","Figure from international organizations",""
"FS","Suite of Food Security Indicators","360","Indonesia","6132","Value","210410","Number of children under 5 years of age who are overweight (modeled estimates) (million)","2016","2016","million No","2.7","X","Figure from international organizations",""
"FS","Suite of Food Security Indicators","360","Indonesia","6132","Value","210410","Number of children under 5 years of age who are overweight (modeled estimates) (million)","2017","2017","million No","2.8","X","Figure from international organizations",""
"FS","Suite of Food Security Indicators","360","Indonesia","6132","Value","210410","Number of children under 5 years of age who are overweight (modeled estimates) (million)","2018","2018","million No","2.7","X","Figure from international organizations",""
"FS","Suite of Food Security Indicators","360","Indonesia","6132","Value","210410","Number of children under 5 years of age who are overweight (modeled estimates) (million)","2019","2019","million No","2.7","X","Figure from international organizations",""
"FS","Suite of Food Security Indicators","360","Indonesia","6132","Value","210410","Number of children under 5 years of age who are overweight (modeled estimates) (million)","2020","2020","million No","2.6","X","Figure from international organizations",""
"FS","Suite of Food Security Indicators","360","Indonesia","6132","Value","210410","Number of children under 5 years of age who are overweight (modeled estimates) (million)","2021","2021","million No","2.5","X","Figure from international organizations",""
"FS","Suite of Food Security Indicators","360","Indonesia","6132","Value","210410","Number of children under 5 years of age who are overweight (modeled estimates) (million)","2022","2022","million No","2.4","X","Figure from international organizations",""
"FS","Suite of Food Security Indicators","360","Indonesia","6121","Value","21042","Prevalence of obesity in the adult population (18 years and older) (percent)","2000","2000","%","2.6","X","Figure from international organizations",""
"FS","Suite of Food Security Indicators","360","Indonesia","6121","Value","21042","Prevalence of obesity in the adult population (18 years and older) (percent)","2001","2001","%","2.8","X","Figure from international organizations",""
"FS","Suite of Food Security Indicators","360","Indonesia","6121","Value","21042","Prevalence of obesity in the adult population (18 years and older) (percent)","2002","2002","%","3","X","Figure from international organizations",""
"FS","Suite of Food Security Indicators","360","Indonesia","6121","Value","21042","Prevalence of obesity in the adult population (18 years and older) (percent)","2003","2003","%","3.2","X","Figure from international organizations",""
"FS","Suite of Food Security Indicators","360","Indonesia","6121","Value","21042","Prevalence of obesity in the adult population (18 years and older) (percent)","2004","2004","%","3.4","X","Figure from international organizations",""
"FS","Suite of Food Security Indicators","360","Indonesia","6121","Value","21042","Prevalence of obesity in the adult population (18 years and older) (percent)","2005","2005","%","3.6","X","Figure from international organizations",""
"FS","Suite of Food Security Indicators","360","Indonesia","6121","Value","21042","Prevalence of obesity in the adult population (18 years and older) (percent)","2006","2006","%","3.8","X","Figure from international organizations",""
"FS","Suite of Food Security Indicators","360","Indonesia","6121","Value","21042","Prevalence of obesity in the adult population (18 years and older) (percent)","2007","2007","%","4.1","X","Figure from international organizations",""
"FS","Suite of Food Security Indicators","360","Indonesia","6121","Value","21042","Prevalence of obesity in the adult population (18 years and older) (percent)","2008","2008","%","4.3","X","Figure from international organizations",""
"FS","Suite of Food Security Indicators","360","Indonesia","6121","Value","21042","Prevalence of obesity in the adult population (18 years and older) (percent)","2009","2009","%","4.6","X","Figure from international organizations",""
"FS","Suite of Food Security Indicators","360","Indonesia","6121","Value","21042","Prevalence of obesity in the adult population (18 years and older) (percent)","2010","2010","%","4.9","X","Figure from international organizations",""
"FS","Suite of Food Security Indicators","360","Indonesia","6121","Value","21042","Prevalence of obesity in the adult population (18 years and older) (percent)","2011","2011","%","5.2","X","Figure from international organizations",""
"FS","Suite of Food Security Indicators","360","Indonesia","6121","Value","21042","Prevalence of obesity in the adult population (18 years and older) (percent)","2012","2012","%","5.5","X","Figure from international organizations",""
"FS","Suite of Food Security Indicators","360","Indonesia","6121","Value","21042","Prevalence of obesity in the adult population (18 years and older) (percent)","2013","2013","%","5.8","X","Figure from international organizations",""
"FS","Suite of Food Security Indicators","360","Indonesia","6121","Value","21042","Prevalence of obesity in the adult population (18 years and older) (percent)","2014","2014","%","6.1","X","Figure from international organizations",""
"FS","Suite of Food Security Indicators","360","Indonesia","6121","Value","21042","Prevalence of obesity in the adult population (18 years and older) (percent)","2015","2015","%","6.5","X","Figure from international organizations",""
"FS","Suite of Food Security Indicators","360","Indonesia","6121","Value","21042","Prevalence of obesity in the adult population (18 years and older) (percent)","2016","2016","%","6.9","X","Figure from international organizations",""
"FS","Suite of Food Security Indicators","360","Indonesia","6132","Value","210420","Number of obese adults (18 years and older) (million)","2000","2000","million No","3.5","X","Figure from international organizations",""
"FS","Suite of Food Security Indicators","360","Indonesia","6132","Value","210420","Number of obese adults (18 years and older) (million)","2001","2001","million No","3.8","X","Figure from international organizations",""
"FS","Suite of Food Security Indicators","360","Indonesia","6132","Value","210420","Number of obese adults (18 years and older) (million)","2002","2002","million No","4.2","X","Figure from international organizations",""
"FS","Suite of Food Security Indicators","360","Indonesia","6132","Value","210420","Number of obese adults (18 years and older) (million)","2003","2003","million No","4.5","X","Figure from international organizations",""
"FS","Suite of Food Security Indicators","360","Indonesia","6132","Value","210420","Number of obese adults (18 years and older) (million)","2004","2004","million No","4.9","X","Figure from international organizations",""
"FS","Suite of Food Security Indicators","360","Indonesia","6132","Value","210420","Number of obese adults (18 years and older) (million)","2005","2005","million No","5.2","X","Figure from international organizations",""
"FS","Suite of Food Security Indicators","360","Indonesia","6132","Value","210420","Number of obese adults (18 years and older) (million)","2006","2006","million No","5.6","X","Figure from international organizations",""
"FS","Suite of Food Security Indicators","360","Indonesia","6132","Value","210420","Number of obese adults (18 years and older) (million)","2007","2007","million No","6.2","X","Figure from international organizations",""
"FS","Suite of Food Security Indicators","360","Indonesia","6132","Value","210420","Number of obese adults (18 years and older) (million)","2008","2008","million No","6.6","X","Figure from international organizations",""
"FS","Suite of Food Security Indicators","360","Indonesia","6132","Value","210420","Number of obese adults (18 years and older) (million)","2009","2009","million No","7.2","X","Figure from international organizations",""
"FS","Suite of Food Security Indicators","360","Indonesia","6132","Value","210420","Number of obese adults (18 years and older) (million)","2010","2010","million No","7.8","X","Figure from international organizations",""
"FS","Suite of Food Security Indicators","360","Indonesia","6132","Value","210420","Number of obese adults (18 years and older) (million)","2011","2011","million No","8.4","X","Figure from international organizations",""
"FS","Suite of Food Security Indicators","360","Indonesia","6132","Value","210420","Number of obese adults (18 years and older) (million)","2012","2012","million No","9.1","X","Figure from international organizations",""
"FS","Suite of Food Security Indicators","360","Indonesia","6132","Value","210420","Number of obese adults (18 years and older) (million)","2013","2013","million No","9.7","X","Figure from international organizations",""
"FS","Suite of Food Security Indicators","360","Indonesia","6132","Value","210420","Number of obese adults (18 years and older) (million)","2014","2014","million No","10.4","X","Figure from international organizations",""
"FS","Suite of Food Security Indicators","360","Indonesia","6132","Value","210420","Number of obese adults (18 years and older) (million)","2015","2015","million No","11.3","X","Figure from international organizations",""
"FS","Suite of Food Security Indicators","360","Indonesia","6132","Value","210420","Number of obese adults (18 years and older) (million)","2016","2016","million No","12.2","X","Figure from international organizations",""
"FS","Suite of Food Security Indicators","360","Indonesia","6121","Value","21043","Prevalence of anemia among women of reproductive age (15-49 years) (percent)","2000","2000","%","33.3","X","Figure from international organizations",""
"FS","Suite of Food Security Indicators","360","Indonesia","6121","Value","21043","Prevalence of anemia among women of reproductive age (15-49 years) (percent)","2001","2001","%","32.4","X","Figure from international organizations",""
"FS","Suite of Food Security Indicators","360","Indonesia","6121","Value","21043","Prevalence of anemia among women of reproductive age (15-49 years) (percent)","2002","2002","%","31.7","X","Figure from international organizations",""
"FS","Suite of Food Security Indicators","360","Indonesia","6121","Value","21043","Prevalence of anemia among women of reproductive age (15-49 years) (percent)","2003","2003","%","30.9","X","Figure from international organizations",""
"FS","Suite of Food Security Indicators","360","Indonesia","6121","Value","21043","Prevalence of anemia among women of reproductive age (15-49 years) (percent)","2004","2004","%","30.2","X","Figure from international organizations",""
"FS","Suite of Food Security Indicators","360","Indonesia","6121","Value","21043","Prevalence of anemia among women of reproductive age (15-49 years) (percent)","2005","2005","%","29.5","X","Figure from international organizations",""
"FS","Suite of Food Security Indicators","360","Indonesia","6121","Value","21043","Prevalence of anemia among women of reproductive age (15-49 years) (percent)","2006","2006","%","28.9","X","Figure from international organizations",""
"FS","Suite of Food Security Indicators","360","Indonesia","6121","Value","21043","Prevalence of anemia among women of reproductive age (15-49 years) (percent)","2007","2007","%","28.3","X","Figure from international organizations",""
"FS","Suite of Food Security Indicators","360","Indonesia","6121","Value","21043","Prevalence of anemia among women of reproductive age (15-49 years) (percent)","2008","2008","%","27.7","X","Figure from international organizations",""
"FS","Suite of Food Security Indicators","360","Indonesia","6121","Value","21043","Prevalence of anemia among women of reproductive age (15-49 years) (percent)","2009","2009","%","27.3","X","Figure from international organizations",""
"FS","Suite of Food Security Indicators","360","Indonesia","6121","Value","21043","Prevalence of anemia among women of reproductive age (15-49 years) (percent)","2010","2010","%","27","X","Figure from international organizations",""
"FS","Suite of Food Security Indicators","360","Indonesia","6121","Value","21043","Prevalence of anemia among women of reproductive age (15-49 years) (percent)","2011","2011","%","26.9","X","Figure from international organizations",""
"FS","Suite of Food Security Indicators","360","Indonesia","6121","Value","21043","Prevalence of anemia among women of reproductive age (15-49 years) (percent)","2012","2012","%","27","X","Figure from international organizations",""
"FS","Suite of Food Security Indicators","360","Indonesia","6121","Value","21043","Prevalence of anemia among women of reproductive age (15-49 years) (percent)","2013","2013","%","27.2","X","Figure from international organizations",""
"FS","Suite of Food Security Indicators","360","Indonesia","6121","Value","21043","Prevalence of anemia among women of reproductive age (15-49 years) (percent)","2014","2014","%","27.6","X","Figure from international organizations",""
"FS","Suite of Food Security Indicators","360","Indonesia","6121","Value","21043","Prevalence of anemia among women of reproductive age (15-49 years) (percent)","2015","2015","%","28.2","X","Figure from international organizations",""
"FS","Suite of Food Security Indicators","360","Indonesia","6121","Value","21043","Prevalence of anemia among women of reproductive age (15-49 years) (percent)","2016","2016","%","28.9","X","Figure from international organizations",""
"FS","Suite of Food Security Indicators","360","Indonesia","6121","Value","21043","Prevalence of anemia among women of reproductive age (15-49 years) (percent)","2017","2017","%","29.6","X","Figure from international organizations",""
"FS","Suite of Food Security Indicators","360","Indonesia","6121","Value","21043","Prevalence of anemia among women of reproductive age (15-49 years) (percent)","2018","2018","%","30.4","X","Figure from international organizations",""
"FS","Suite of Food Security Indicators","360","Indonesia","6121","Value","21043","Prevalence of anemia among women of reproductive age (15-49 years) (percent)","2019","2019","%","31.2","X","Figure from international organizations",""
"FS","Suite of Food Security Indicators","360","Indonesia","6132","Value","210430","Number of women of reproductive age (15-49 years) affected by anemia (million)","2000","2000","million No","19.3","X","Figure from international organizations",""
"FS","Suite of Food Security Indicators","360","Indonesia","6132","Value","210430","Number of women of reproductive age (15-49 years) affected by anemia (million)","2001","2001","million No","19.1","X","Figure from international organizations",""
"FS","Suite of Food Security Indicators","360","Indonesia","6132","Value","210430","Number of women of reproductive age (15-49 years) affected by anemia (million)","2002","2002","million No","19","X","Figure from international organizations",""
"FS","Suite of Food Security Indicators","360","Indonesia","6132","Value","210430","Number of women of reproductive age (15-49 years) affected by anemia (million)","2003","2003","million No","18.8","X","Figure from international organizations",""
"FS","Suite of Food Security Indicators","360","Indonesia","6132","Value","210430","Number of women of reproductive age (15-49 years) affected by anemia (million)","2004","2004","million No","18.5","X","Figure from international organizations",""
"FS","Suite of Food Security Indicators","360","Indonesia","6132","Value","210430","Number of women of reproductive age (15-49 years) affected by anemia (million)","2005","2005","million No","18.3","X","Figure from international organizations",""
"FS","Suite of Food Security Indicators","360","Indonesia","6132","Value","210430","Number of women of reproductive age (15-49 years) affected by anemia (million)","2006","2006","million No","18.2","X","Figure from international organizations",""
"FS","Suite of Food Security Indicators","360","Indonesia","6132","Value","210430","Number of women of reproductive age (15-49 years) affected by anemia (million)","2007","2007","million No","18.1","X","Figure from international organizations",""
"FS","Suite of Food Security Indicators","360","Indonesia","6132","Value","210430","Number of women of reproductive age (15-49 years) affected by anemia (million)","2008","2008","million No","18","X","Figure from international organizations",""
"FS","Suite of Food Security Indicators","360","Indonesia","6132","Value","210430","Number of women of reproductive age (15-49 years) affected by anemia (million)","2009","2009","million No","17.9","X","Figure from international organizations",""
"FS","Suite of Food Security Indicators","360","Indonesia","6132","Value","210430","Number of women of reproductive age (15-49 years) affected by anemia (million)","2010","2010","million No","17.9","X","Figure from international organizations",""
"FS","Suite of Food Security Indicators","360","Indonesia","6132","Value","210430","Number of women of reproductive age (15-49 years) affected by anemia (million)","2011","2011","million No","18","X","Figure from international organizations",""
"FS","Suite of Food Security Indicators","360","Indonesia","6132","Value","210430","Number of women of reproductive age (15-49 years) affected by anemia (million)","2012","2012","million No","18.3","X","Figure from international organizations",""
"FS","Suite of Food Security Indicators","360","Indonesia","6132","Value","210430","Number of women of reproductive age (15-49 years) affected by anemia (million)","2013","2013","million No","18.6","X","Figure from international organizations",""
"FS","Suite of Food Security Indicators","360","Indonesia","6132","Value","210430","Number of women of reproductive age (15-49 years) affected by anemia (million)","2014","2014","million No","19.1","X","Figure from international organizations",""
"FS","Suite of Food Security Indicators","360","Indonesia","6132","Value","210430","Number of women of reproductive age (15-49 years) affected by anemia (million)","2015","2015","million No","19.6","X","Figure from international organizations",""
"FS","Suite of Food Security Indicators","360","Indonesia","6132","Value","210430","Number of women of reproductive age (15-49 years) affected by anemia (million)","2016","2016","million No","20.3","X","Figure from international organizations",""
"FS","Suite of Food Security Indicators","360","Indonesia","6132","Value","210430","Number of women of reproductive age (15-49 years) affected by anemia (million)","2017","2017","million No","20.9","X","Figure from international organizations",""
"FS","Suite of Food Security Indicators","360","Indonesia","6132","Value","210430","Number of women of reproductive age (15-49 years) affected by anemia (million)","2018","2018","million No","21.6","X","Figure from international organizations",""
"FS","Suite of Food Security Indicators","360","Indonesia","6132","Value","210430","Number of women of reproductive age (15-49 years) affected by anemia (million)","2019","2019","million No","22.3","X","Figure from international organizations",""
"FS","Suite of Food Security Indicators","360","Indonesia","6121","Value","21044","Prevalence of exclusive breastfeeding among infants 0-5 months of age (percent)","2003","2003","%","38.7","X","Figure from international organizations",""
"FS","Suite of Food Security Indicators","360","Indonesia","6121","Value","21044","Prevalence of exclusive breastfeeding among infants 0-5 months of age (percent)","2007","2007","%","31.2","X","Figure from international organizations",""
"FS","Suite of Food Security Indicators","360","Indonesia","6121","Value","21044","Prevalence of exclusive breastfeeding among infants 0-5 months of age (percent)","2012","2012","%","40.9","X","Figure from international organizations",""
"FS","Suite of Food Security Indicators","360","Indonesia","6121","Value","21044","Prevalence of exclusive breastfeeding among infants 0-5 months of age (percent)","2017","2017","%","50.7","X","Figure from international organizations",""
"FS","Suite of Food Security Indicators","360","Indonesia","6121","Value","21049","Prevalence of low birthweight (percent)","2000","2000","%","10.9","X","Figure from international organizations",""
"FS","Suite of Food Security Indicators","360","Indonesia","6121","Value","21049","Prevalence of low birthweight (percent)","2001","2001","%","10.8","X","Figure from international organizations",""
"FS","Suite of Food Security Indicators","360","Indonesia","6121","Value","21049","Prevalence of low birthweight (percent)","2002","2002","%","10.8","X","Figure from international organizations",""
"FS","Suite of Food Security Indicators","360","Indonesia","6121","Value","21049","Prevalence of low birthweight (percent)","2003","2003","%","10.8","X","Figure from international organizations",""
"FS","Suite of Food Security Indicators","360","Indonesia","6121","Value","21049","Prevalence of low birthweight (percent)","2004","2004","%","10.8","X","Figure from international organizations",""
"FS","Suite of Food Security Indicators","360","Indonesia","6121","Value","21049","Prevalence of low birthweight (percent)","2005","2005","%","10.7","X","Figure from international organizations",""
"FS","Suite of Food Security Indicators","360","Indonesia","6121","Value","21049","Prevalence of low birthweight (percent)","2006","2006","%","10.7","X","Figure from international organizations",""
"FS","Suite of Food Security Indicators","360","Indonesia","6121","Value","21049","Prevalence of low birthweight (percent)","2007","2007","%","10.7","X","Figure from international organizations",""
"FS","Suite of Food Security Indicators","360","Indonesia","6121","Value","21049","Prevalence of low birthweight (percent)","2008","2008","%","10.7","X","Figure from international organizations",""
"FS","Suite of Food Security Indicators","360","Indonesia","6121","Value","21049","Prevalence of low birthweight (percent)","2009","2009","%","10.6","X","Figure from international organizations",""
"FS","Suite of Food Security Indicators","360","Indonesia","6121","Value","21049","Prevalence of low birthweight (percent)","2010","2010","%","10.6","X","Figure from international organizations",""
"FS","Suite of Food Security Indicators","360","Indonesia","6121","Value","21049","Prevalence of low birthweight (percent)","2011","2011","%","10.6","X","Figure from international organizations",""
"FS","Suite of Food Security Indicators","360","Indonesia","6121","Value","21049","Prevalence of low birthweight (percent)","2012","2012","%","10.5","X","Figure from international organizations",""
"FS","Suite of Food Security Indicators","360","Indonesia","6121","Value","21049","Prevalence of low birthweight (percent)","2013","2013","%","10.4","X","Figure from international organizations",""
"FS","Suite of Food Security Indicators","360","Indonesia","6121","Value","21049","Prevalence of low birthweight (percent)","2014","2014","%","10.4","X","Figure from international organizations",""
"FS","Suite of Food Security Indicators","360","Indonesia","6121","Value","21049","Prevalence of low birthweight (percent)","2015","2015","%","10.3","X","Figure from international organizations",""
"FS","Suite of Food Security Indicators","360","Indonesia","6121","Value","21049","Prevalence of low birthweight (percent)","2016","2016","%","10.2","X","Figure from international organizations",""
"FS","Suite of Food Security Indicators","360","Indonesia","6121","Value","21049","Prevalence of low birthweight (percent)","2017","2017","%","10.1","X","Figure from international organizations",""
"FS","Suite of Food Security Indicators","360","Indonesia","6121","Value","21049","Prevalence of low birthweight (percent)","2018","2018","%","10","X","Figure from international organizations",""
"FS","Suite of Food Security Indicators","360","Indonesia","6121","Value","21049","Prevalence of low birthweight (percent)","2019","2019","%","10","X","Figure from international organizations",""
"FS","Suite of Food Security Indicators","360","Indonesia","6121","Value","21049","Prevalence of low birthweight (percent)","2020","2020","%","9.9","X","Figure from international organizations",""
"FS","Suite of Food Security Indicators","360","Indonesia","6132","Value","210490","Number of newborns with low birthweight (million)","2000","2000","million No","0.5","X","Figure from international organizations",""
"FS","Suite of Food Security Indicators","360","Indonesia","6132","Value","210490","Number of newborns with low birthweight (million)","2001","2001","million No","0.5","X","Figure from international organizations",""
"FS","Suite of Food Security Indicators","360","Indonesia","6132","Value","210490","Number of newborns with low birthweight (million)","2002","2002","million No","0.5","X","Figure from international organizations",""
"FS","Suite of Food Security Indicators","360","Indonesia","6132","Value","210490","Number of newborns with low birthweight (million)","2003","2003","million No","0.5","X","Figure from international organizations",""
"FS","Suite of Food Security Indicators","360","Indonesia","6132","Value","210490","Number of newborns with low birthweight (million)","2004","2004","million No","0.5","X","Figure from international organizations",""
"FS","Suite of Food Security Indicators","360","Indonesia","6132","Value","210490","Number of newborns with low birthweight (million)","2005","2005","million No","0.5","X","Figure from international organizations",""
"FS","Suite of Food Security Indicators","360","Indonesia","6132","Value","210490","Number of newborns with low birthweight (million)","2006","2006","million No","0.5","X","Figure from international organizations",""
"FS","Suite of Food Security Indicators","360","Indonesia","6132","Value","210490","Number of newborns with low birthweight (million)","2007","2007","million No","0.5","X","Figure from international organizations",""
"FS","Suite of Food Security Indicators","360","Indonesia","6132","Value","210490","Number of newborns with low birthweight (million)","2008","2008","million No","0.5","X","Figure from international organizations",""
"FS","Suite of Food Security Indicators","360","Indonesia","6132","Value","210490","Number of newborns with low birthweight (million)","2009","2009","million No","0.5","X","Figure from international organizations",""
"FS","Suite of Food Security Indicators","360","Indonesia","6132","Value","210490","Number of newborns with low birthweight (million)","2010","2010","million No","0.5","X","Figure from international organizations",""
"FS","Suite of Food Security Indicators","360","Indonesia","6132","Value","210490","Number of newborns with low birthweight (million)","2011","2011","million No","0.5","X","Figure from international organizations",""
"FS","Suite of Food Security Indicators","360","Indonesia","6132","Value","210490","Number of newborns with low birthweight (million)","2012","2012","million No","0.5","X","Figure from international organizations",""
"FS","Suite of Food Security Indicators","360","Indonesia","6132","Value","210490","Number of newborns with low birthweight (million)","2013","2013","million No","0.5","X","Figure from international organizations",""
"FS","Suite of Food Security Indicators","360","Indonesia","6132","Value","210490","Number of newborns with low birthweight (million)","2014","2014","million No","0.5","X","Figure from international organizations",""
"FS","Suite of Food Security Indicators","360","Indonesia","6132","Value","210490","Number of newborns with low birthweight (million)","2015","2015","million No","0.5","X","Figure from international organizations",""
"FS","Suite of Food Security Indicators","360","Indonesia","6132","Value","210490","Number of newborns with low birthweight (million)","2016","2016","million No","0.5","X","Figure from international organizations",""
"FS","Suite of Food Security Indicators","360","Indonesia","6132","Value","210490","Number of newborns with low birthweight (million)","2017","2017","million No","0.5","X","Figure from international organizations",""
"FS","Suite of Food Security Indicators","360","Indonesia","6132","Value","210490","Number of newborns with low birthweight (million)","2018","2018","million No","0.5","X","Figure from international organizations",""
"FS","Suite of Food Security Indicators","360","Indonesia","6132","Value","210490","Number of newborns with low birthweight (million)","2019","2019","million No","0.5","X","Figure from international organizations",""
"FS","Suite of Food Security Indicators","360","Indonesia","6132","Value","210490","Number of newborns with low birthweight (million)","2020","2020","million No","0.4","X","Figure from international organizations",""
"FS","Suite of Food Security Indicators","360","Indonesia","6128","Value","21056","Minimum dietary energy requirement  (kcal/cap/day)","2000","2000","kcal/cap/d","1757","E","Estimated value",""
"FS","Suite of Food Security Indicators","360","Indonesia","6128","Value","21056","Minimum dietary energy requirement  (kcal/cap/day)","2001","2001","kcal/cap/d","1760","E","Estimated value",""
"FS","Suite of Food Security Indicators","360","Indonesia","6128","Value","21056","Minimum dietary energy requirement  (kcal/cap/day)","2002","2002","kcal/cap/d","1762","E","Estimated value",""
"FS","Suite of Food Security Indicators","360","Indonesia","6128","Value","21056","Minimum dietary energy requirement  (kcal/cap/day)","2003","2003","kcal/cap/d","1764","E","Estimated value",""
"FS","Suite of Food Security Indicators","360","Indonesia","6128","Value","21056","Minimum dietary energy requirement  (kcal/cap/day)","2004","2004","kcal/cap/d","1767","E","Estimated value",""
"FS","Suite of Food Security Indicators","360","Indonesia","6128","Value","21056","Minimum dietary energy requirement  (kcal/cap/day)","2005","2005","kcal/cap/d","1769","E","Estimated value",""
"FS","Suite of Food Security Indicators","360","Indonesia","6128","Value","21056","Minimum dietary energy requirement  (kcal/cap/day)","2006","2006","kcal/cap/d","1771","E","Estimated value",""
"FS","Suite of Food Security Indicators","360","Indonesia","6128","Value","21056","Minimum dietary energy requirement  (kcal/cap/day)","2007","2007","kcal/cap/d","1772","E","Estimated value",""
"FS","Suite of Food Security Indicators","360","Indonesia","6128","Value","21056","Minimum dietary energy requirement  (kcal/cap/day)","2008","2008","kcal/cap/d","1773","E","Estimated value",""
"FS","Suite of Food Security Indicators","360","Indonesia","6128","Value","21056","Minimum dietary energy requirement  (kcal/cap/day)","2009","2009","kcal/cap/d","1774","E","Estimated value",""
"FS","Suite of Food Security Indicators","360","Indonesia","6128","Value","21056","Minimum dietary energy requirement  (kcal/cap/day)","2010","2010","kcal/cap/d","1775","E","Estimated value",""
"FS","Suite of Food Security Indicators","360","Indonesia","6128","Value","21056","Minimum dietary energy requirement  (kcal/cap/day)","2011","2011","kcal/cap/d","1777","E","Estimated value",""
"FS","Suite of Food Security Indicators","360","Indonesia","6128","Value","21056","Minimum dietary energy requirement  (kcal/cap/day)","2012","2012","kcal/cap/d","1777","E","Estimated value",""
"FS","Suite of Food Security Indicators","360","Indonesia","6128","Value","21056","Minimum dietary energy requirement  (kcal/cap/day)","2013","2013","kcal/cap/d","1778","E","Estimated value",""
"FS","Suite of Food Security Indicators","360","Indonesia","6128","Value","21056","Minimum dietary energy requirement  (kcal/cap/day)","2014","2014","kcal/cap/d","1780","E","Estimated value",""
"FS","Suite of Food Security Indicators","360","Indonesia","6128","Value","21056","Minimum dietary energy requirement  (kcal/cap/day)","2015","2015","kcal/cap/d","1781","E","Estimated value",""
"FS","Suite of Food Security Indicators","360","Indonesia","6128","Value","21056","Minimum dietary energy requirement  (kcal/cap/day)","2016","2016","kcal/cap/d","1782","E","Estimated value",""
"FS","Suite of Food Security Indicators","360","Indonesia","6128","Value","21056","Minimum dietary energy requirement  (kcal/cap/day)","2017","2017","kcal/cap/d","1784","E","Estimated value",""
"FS","Suite of Food Security Indicators","360","Indonesia","6128","Value","21056","Minimum dietary energy requirement  (kcal/cap/day)","2018","2018","kcal/cap/d","1786","E","Estimated value",""
"FS","Suite of Food Security Indicators","360","Indonesia","6128","Value","21056","Minimum dietary energy requirement  (kcal/cap/day)","2019","2019","kcal/cap/d","1788","E","Estimated value",""
"FS","Suite of Food Security Indicators","360","Indonesia","6128","Value","21056","Minimum dietary energy requirement  (kcal/cap/day)","2020","2020","kcal/cap/d","1790","E","Estimated value",""
"FS","Suite of Food Security Indicators","360","Indonesia","6128","Value","21056","Minimum dietary energy requirement  (kcal/cap/day)","2021","2021","kcal/cap/d","1791","E","Estimated value",""
"FS","Suite of Food Security Indicators","360","Indonesia","6128","Value","21056","Minimum dietary energy requirement  (kcal/cap/day)","2022","2022","kcal/cap/d","1793","E","Estimated value",""
"FS","Suite of Food Security Indicators","360","Indonesia","6128","Value","21057","Average dietary energy requirement (kcal/cap/day)","2000","2000","kcal/cap/d","2258","E","Estimated value",""
"FS","Suite of Food Security Indicators","360","Indonesia","6128","Value","21057","Average dietary energy requirement (kcal/cap/day)","2001","2001","kcal/cap/d","2262","E","Estimated value",""
"FS","Suite of Food Security Indicators","360","Indonesia","6128","Value","21057","Average dietary energy requirement (kcal/cap/day)","2002","2002","kcal/cap/d","2265","E","Estimated value",""
"FS","Suite of Food Security Indicators","360","Indonesia","6128","Value","21057","Average dietary energy requirement (kcal/cap/day)","2003","2003","kcal/cap/d","2269","E","Estimated value",""
"FS","Suite of Food Security Indicators","360","Indonesia","6128","Value","21057","Average dietary energy requirement (kcal/cap/day)","2004","2004","kcal/cap/d","2272","E","Estimated value",""
"FS","Suite of Food Security Indicators","360","Indonesia","6128","Value","21057","Average dietary energy requirement (kcal/cap/day)","2005","2005","kcal/cap/d","2275","E","Estimated value",""
"FS","Suite of Food Security Indicators","360","Indonesia","6128","Value","21057","Average dietary energy requirement (kcal/cap/day)","2006","2006","kcal/cap/d","2277","E","Estimated value",""
"FS","Suite of Food Security Indicators","360","Indonesia","6128","Value","21057","Average dietary energy requirement (kcal/cap/day)","2007","2007","kcal/cap/d","2279","E","Estimated value",""
"FS","Suite of Food Security Indicators","360","Indonesia","6128","Value","21057","Average dietary energy requirement (kcal/cap/day)","2008","2008","kcal/cap/d","2280","E","Estimated value",""
"FS","Suite of Food Security Indicators","360","Indonesia","6128","Value","21057","Average dietary energy requirement (kcal/cap/day)","2009","2009","kcal/cap/d","2282","E","Estimated value",""
"FS","Suite of Food Security Indicators","360","Indonesia","6128","Value","21057","Average dietary energy requirement (kcal/cap/day)","2010","2010","kcal/cap/d","2283","E","Estimated value",""
"FS","Suite of Food Security Indicators","360","Indonesia","6128","Value","21057","Average dietary energy requirement (kcal/cap/day)","2011","2011","kcal/cap/d","2285","E","Estimated value",""
"FS","Suite of Food Security Indicators","360","Indonesia","6128","Value","21057","Average dietary energy requirement (kcal/cap/day)","2012","2012","kcal/cap/d","2285","E","Estimated value",""
"FS","Suite of Food Security Indicators","360","Indonesia","6128","Value","21057","Average dietary energy requirement (kcal/cap/day)","2013","2013","kcal/cap/d","2286","E","Estimated value",""
"FS","Suite of Food Security Indicators","360","Indonesia","6128","Value","21057","Average dietary energy requirement (kcal/cap/day)","2014","2014","kcal/cap/d","2288","E","Estimated value",""
"FS","Suite of Food Security Indicators","360","Indonesia","6128","Value","21057","Average dietary energy requirement (kcal/cap/day)","2015","2015","kcal/cap/d","2290","E","Estimated value",""
"FS","Suite of Food Security Indicators","360","Indonesia","6128","Value","21057","Average dietary energy requirement (kcal/cap/day)","2016","2016","kcal/cap/d","2292","E","Estimated value",""
"FS","Suite of Food Security Indicators","360","Indonesia","6128","Value","21057","Average dietary energy requirement (kcal/cap/day)","2017","2017","kcal/cap/d","2294","E","Estimated value",""
"FS","Suite of Food Security Indicators","360","Indonesia","6128","Value","21057","Average dietary energy requirement (kcal/cap/day)","2018","2018","kcal/cap/d","2297","E","Estimated value",""
"FS","Suite of Food Security Indicators","360","Indonesia","6128","Value","21057","Average dietary energy requirement (kcal/cap/day)","2019","2019","kcal/cap/d","2300","E","Estimated value",""
"FS","Suite of Food Security Indicators","360","Indonesia","6128","Value","21057","Average dietary energy requirement (kcal/cap/day)","2020","2020","kcal/cap/d","2303","E","Estimated value",""
"FS","Suite of Food Security Indicators","360","Indonesia","6128","Value","21057","Average dietary energy requirement (kcal/cap/day)","2021","2021","kcal/cap/d","2306","E","Estimated value",""
"FS","Suite of Food Security Indicators","360","Indonesia","6128","Value","21057","Average dietary energy requirement (kcal/cap/day)","2022","2022","kcal/cap/d","2309","E","Estimated value",""
"FS","Suite of Food Security Indicators","360","Indonesia","6173","Value","21058","Coefficient of variation of habitual caloric consumption distribution (real number)","2000","2000","No","0.27","E","Estimated value",""
"FS","Suite of Food Security Indicators","360","Indonesia","6173","Value","21058","Coefficient of variation of habitual caloric consumption distribution (real number)","2001","2001","No","0.28","E","Estimated value",""
"FS","Suite of Food Security Indicators","360","Indonesia","6173","Value","21058","Coefficient of variation of habitual caloric consumption distribution (real number)","2002","2002","No","0.28","E","Estimated value",""
"FS","Suite of Food Security Indicators","360","Indonesia","6173","Value","21058","Coefficient of variation of habitual caloric consumption distribution (real number)","2003","2003","No","0.28","E","Estimated value",""
"FS","Suite of Food Security Indicators","360","Indonesia","6173","Value","21058","Coefficient of variation of habitual caloric consumption distribution (real number)","2004","2004","No","0.29","E","Estimated value",""
"FS","Suite of Food Security Indicators","360","Indonesia","6173","Value","21058","Coefficient of variation of habitual caloric consumption distribution (real number)","2005","2005","No","0.29","E","Estimated value",""
"FS","Suite of Food Security Indicators","360","Indonesia","6173","Value","21058","Coefficient of variation of habitual caloric consumption distribution (real number)","2006","2006","No","0.29","E","Estimated value",""
"FS","Suite of Food Security Indicators","360","Indonesia","6173","Value","21058","Coefficient of variation of habitual caloric consumption distribution (real number)","2007","2007","No","0.3","E","Estimated value",""
"FS","Suite of Food Security Indicators","360","Indonesia","6173","Value","21058","Coefficient of variation of habitual caloric consumption distribution (real number)","2008","2008","No","0.3","E","Estimated value",""
"FS","Suite of Food Security Indicators","360","Indonesia","6173","Value","21058","Coefficient of variation of habitual caloric consumption distribution (real number)","2009","2009","No","0.3","E","Estimated value",""
"FS","Suite of Food Security Indicators","360","Indonesia","6173","Value","21058","Coefficient of variation of habitual caloric consumption distribution (real number)","2010","2010","No","0.28","E","Estimated value",""
"FS","Suite of Food Security Indicators","360","Indonesia","6173","Value","21058","Coefficient of variation of habitual caloric consumption distribution (real number)","2011","2011","No","0.27","E","Estimated value",""
"FS","Suite of Food Security Indicators","360","Indonesia","6173","Value","21058","Coefficient of variation of habitual caloric consumption distribution (real number)","2012","2012","No","0.27","E","Estimated value",""
"FS","Suite of Food Security Indicators","360","Indonesia","6173","Value","21058","Coefficient of variation of habitual caloric consumption distribution (real number)","2013","2013","No","0.27","E","Estimated value",""
"FS","Suite of Food Security Indicators","360","Indonesia","6173","Value","21058","Coefficient of variation of habitual caloric consumption distribution (real number)","2014","2014","No","0.27","E","Estimated value",""
"FS","Suite of Food Security Indicators","360","Indonesia","6173","Value","21058","Coefficient of variation of habitual caloric consumption distribution (real number)","2015","2015","No","0.28","E","Estimated value",""
"FS","Suite of Food Security Indicators","360","Indonesia","6173","Value","21058","Coefficient of variation of habitual caloric consumption distribution (real number)","2016","2016","No","0.28","E","Estimated value",""
"FS","Suite of Food Security Indicators","360","Indonesia","6173","Value","21058","Coefficient of variation of habitual caloric consumption distribution (real number)","2017","2017","No","0.28","E","Estimated value",""
"FS","Suite of Food Security Indicators","360","Indonesia","6173","Value","21058","Coefficient of variation of habitual caloric consumption distribution (real number)","2018","2018","No","0.28","E","Estimated value",""
"FS","Suite of Food Security Indicators","360","Indonesia","6173","Value","21058","Coefficient of variation of habitual caloric consumption distribution (real number)","2019","2019","No","0.28","E","Estimated value",""
"FS","Suite of Food Security Indicators","360","Indonesia","6173","Value","21058","Coefficient of variation of habitual caloric consumption distribution (real number)","2020","2020","No","0.28","E","Estimated value",""
"FS","Suite of Food Security Indicators","360","Indonesia","6173","Value","21058","Coefficient of variation of habitual caloric consumption distribution (real number)","2021","2021","No","0.28","E","Estimated value",""
"FS","Suite of Food Security Indicators","360","Indonesia","6173","Value","21058","Coefficient of variation of habitual caloric consumption distribution (real number)","2022","2022","No","0.28","E","Estimated value",""
"FS","Suite of Food Security Indicators","360","Indonesia","6121","Value","21059","Incidence of caloric losses at retail distribution level (percent)","2000","2000","%","3.67","E","Estimated value",""
"FS","Suite of Food Security Indicators","360","Indonesia","6121","Value","21059","Incidence of caloric losses at retail distribution level (percent)","2001","2001","%","3.73","E","Estimated value",""
"FS","Suite of Food Security Indicators","360","Indonesia","6121","Value","21059","Incidence of caloric losses at retail distribution level (percent)","2002","2002","%","3.78","E","Estimated value",""
"FS","Suite of Food Security Indicators","360","Indonesia","6121","Value","21059","Incidence of caloric losses at retail distribution level (percent)","2003","2003","%","3.83","E","Estimated value",""
"FS","Suite of Food Security Indicators","360","Indonesia","6121","Value","21059","Incidence of caloric losses at retail distribution level (percent)","2004","2004","%","3.88","E","Estimated value",""
"FS","Suite of Food Security Indicators","360","Indonesia","6121","Value","21059","Incidence of caloric losses at retail distribution level (percent)","2005","2005","%","3.93","E","Estimated value",""
"FS","Suite of Food Security Indicators","360","Indonesia","6121","Value","21059","Incidence of caloric losses at retail distribution level (percent)","2006","2006","%","3.98","E","Estimated value",""
"FS","Suite of Food Security Indicators","360","Indonesia","6121","Value","21059","Incidence of caloric losses at retail distribution level (percent)","2007","2007","%","4.04","E","Estimated value",""
"FS","Suite of Food Security Indicators","360","Indonesia","6121","Value","21059","Incidence of caloric losses at retail distribution level (percent)","2008","2008","%","4.09","E","Estimated value",""
"FS","Suite of Food Security Indicators","360","Indonesia","6121","Value","21059","Incidence of caloric losses at retail distribution level (percent)","2009","2009","%","4.14","E","Estimated value",""
"FS","Suite of Food Security Indicators","360","Indonesia","6121","Value","21059","Incidence of caloric losses at retail distribution level (percent)","2010","2010","%","3.35","E","Estimated value",""
"FS","Suite of Food Security Indicators","360","Indonesia","6121","Value","21059","Incidence of caloric losses at retail distribution level (percent)","2011","2011","%","3.39","E","Estimated value",""
"FS","Suite of Food Security Indicators","360","Indonesia","6121","Value","21059","Incidence of caloric losses at retail distribution level (percent)","2012","2012","%","3.43","E","Estimated value",""
"FS","Suite of Food Security Indicators","360","Indonesia","6121","Value","21059","Incidence of caloric losses at retail distribution level (percent)","2013","2013","%","3.48","E","Estimated value",""
"FS","Suite of Food Security Indicators","360","Indonesia","6121","Value","21059","Incidence of caloric losses at retail distribution level (percent)","2014","2014","%","3.52","E","Estimated value",""
"FS","Suite of Food Security Indicators","360","Indonesia","6121","Value","21059","Incidence of caloric losses at retail distribution level (percent)","2015","2015","%","3.56","E","Estimated value",""
"FS","Suite of Food Security Indicators","360","Indonesia","6121","Value","21059","Incidence of caloric losses at retail distribution level (percent)","2016","2016","%","3.6","E","Estimated value",""
"FS","Suite of Food Security Indicators","360","Indonesia","6121","Value","21059","Incidence of caloric losses at retail distribution level (percent)","2017","2017","%","3.44","E","Estimated value",""
"FS","Suite of Food Security Indicators","360","Indonesia","6121","Value","21059","Incidence of caloric losses at retail distribution level (percent)","2018","2018","%","3.28","E","Estimated value",""
"FS","Suite of Food Security Indicators","360","Indonesia","6121","Value","21059","Incidence of caloric losses at retail distribution level (percent)","2019","2019","%","3.12","E","Estimated value",""
"FS","Suite of Food Security Indicators","360","Indonesia","6121","Value","21059","Incidence of caloric losses at retail distribution level (percent)","2020","2020","%","3.12","E","Estimated value",""
"FS","Suite of Food Security Indicators","360","Indonesia","6121","Value","21059","Incidence of caloric losses at retail distribution level (percent)","2021","2021","%","3.12","E","Estimated value",""
"FS","Suite of Food Security Indicators","360","Indonesia","6121","Value","21059","Incidence of caloric losses at retail distribution level (percent)","2022","2022","%","3.12","E","Estimated value",""
"FS","Suite of Food Security Indicators","360","Indonesia","6123","Value","21061","Average fat supply (g/cap/day) (3-year average)","20002002","2000-2002","g/cap/d","44.8","E","Estimated value",""
"FS","Suite of Food Security Indicators","360","Indonesia","6123","Value","21061","Average fat supply (g/cap/day) (3-year average)","20012003","2001-2003","g/cap/d","46.2","E","Estimated value",""
"FS","Suite of Food Security Indicators","360","Indonesia","6123","Value","21061","Average fat supply (g/cap/day) (3-year average)","20022004","2002-2004","g/cap/d","47.3","E","Estimated value",""
"FS","Suite of Food Security Indicators","360","Indonesia","6123","Value","21061","Average fat supply (g/cap/day) (3-year average)","20032005","2003-2005","g/cap/d","48.4","E","Estimated value",""
"FS","Suite of Food Security Indicators","360","Indonesia","6123","Value","21061","Average fat supply (g/cap/day) (3-year average)","20042006","2004-2006","g/cap/d","48.8","E","Estimated value",""
"FS","Suite of Food Security Indicators","360","Indonesia","6123","Value","21061","Average fat supply (g/cap/day) (3-year average)","20052007","2005-2007","g/cap/d","50.3","E","Estimated value",""
"FS","Suite of Food Security Indicators","360","Indonesia","6123","Value","21061","Average fat supply (g/cap/day) (3-year average)","20062008","2006-2008","g/cap/d","51.2","E","Estimated value",""
"FS","Suite of Food Security Indicators","360","Indonesia","6123","Value","21061","Average fat supply (g/cap/day) (3-year average)","20072009","2007-2009","g/cap/d","52.1","E","Estimated value",""
"FS","Suite of Food Security Indicators","360","Indonesia","6123","Value","21061","Average fat supply (g/cap/day) (3-year average)","20082010","2008-2010","g/cap/d","49.9","E","Estimated value",""
"FS","Suite of Food Security Indicators","360","Indonesia","6123","Value","21061","Average fat supply (g/cap/day) (3-year average)","20092011","2009-2011","g/cap/d","47.3","E","Estimated value",""
"FS","Suite of Food Security Indicators","360","Indonesia","6123","Value","21061","Average fat supply (g/cap/day) (3-year average)","20102012","2010-2012","g/cap/d","45.6","E","Estimated value",""
"FS","Suite of Food Security Indicators","360","Indonesia","6123","Value","21061","Average fat supply (g/cap/day) (3-year average)","20112013","2011-2013","g/cap/d","47.2","E","Estimated value",""
"FS","Suite of Food Security Indicators","360","Indonesia","6123","Value","21061","Average fat supply (g/cap/day) (3-year average)","20122014","2012-2014","g/cap/d","49.7","E","Estimated value",""
"FS","Suite of Food Security Indicators","360","Indonesia","6123","Value","21061","Average fat supply (g/cap/day) (3-year average)","20132015","2013-2015","g/cap/d","49.3","E","Estimated value",""
"FS","Suite of Food Security Indicators","360","Indonesia","6123","Value","21061","Average fat supply (g/cap/day) (3-year average)","20142016","2014-2016","g/cap/d","51.8","E","Estimated value",""
"FS","Suite of Food Security Indicators","360","Indonesia","6123","Value","21061","Average fat supply (g/cap/day) (3-year average)","20152017","2015-2017","g/cap/d","55.4","E","Estimated value",""
"FS","Suite of Food Security Indicators","360","Indonesia","6123","Value","21061","Average fat supply (g/cap/day) (3-year average)","20162018","2016-2018","g/cap/d","60.1","E","Estimated value",""
"FS","Suite of Food Security Indicators","360","Indonesia","6123","Value","21061","Average fat supply (g/cap/day) (3-year average)","20172019","2017-2019","g/cap/d","64.1","E","Estimated value",""
"FS","Suite of Food Security Indicators","360","Indonesia","6123","Value","21061","Average fat supply (g/cap/day) (3-year average)","20182020","2018-2020","g/cap/d","66.3","E","Estimated value",""
